,County,Pct_Children_in_Poverty_a,Pct_Children_in_Poverty_b,Pct_Children_in_Poverty_c,Pct_Excessive_Drinking_a,Pct_Excessive_Drinking_b,Pct_Excessive_Drinking_c,Pct_Smokers_a,Pct_Smokers_b,Pct_Smokers_c,Pct_Unemployed_a,Pct_Unemployed_b,Pct_Unemployed_c,Pct_Uninsured_a,Pct_Uninsured_b,Pct_Uninsured_c,ER_Visit_Rate-All_Other_Unintentional_Injury_a,ER_Visit_Rate-All_Other_Unintentional_Injury_b,ER_Visit_Rate-All_Other_Unintentional_Injury_c,ER_Visit_Rate-Falls_a,ER_Visit_Rate-Falls_b,ER_Visit_Rate-Falls_c,Injury_Death_Rate_a,Injury_Death_Rate_b,Injury_Death_Rate_c,Teen_Birth_Rate_a,Teen_Birth_Rate_b,Teen_Birth_Rate_c,Violent_Crime_Rate_a,Violent_Crime_Rate_b,Violent_Crime_Rate_c
0,Appling,-0.28381677516566,0.284039926617789,-0.2842520747718549,0.2974606880642252,-0.2976491338401403,0.2978362741419061,-0.0960259298956859,0.0960639720665594,-0.0960975992324952,-0.9692920553834574,0.9705699883959324,-0.9718456588102752,0.0330251933858569,-0.0332881103575192,0.0335637262536734,1.0860822547229647,-1.086807143904994,1.0875364928962676,1.063262722833943,-1.0639307359317922,1.0646124246468451,2.1695482184270687,-2.1689431255750837,2.168343357732868,-2.560129469176137,2.561467802943913,-2.5627794937984056,0.6902445367879385,-0.6923761802534848,0.6945060336753164
1,Atkinson,2.7704926427816408,-2.7691225558458017,2.7678454582972423,-1.2501261249718167,1.250016742550569,-1.2499109902308878,-0.894433700332558,0.893791514370763,-0.8931428674429509,2.2569518275341385,-2.2550278761637967,2.2530948053127333,-0.7467240292922995,0.7477352539909382,-0.7487020416689439,-2.767298637778095,2.76757063920738,-2.767835812902979,-3.406919988056172,3.4074657568942226,-3.408018724872737,-2.485583219354852,2.4858626702426885,-2.4861314677216217,-0.2538899160467434,0.2555564890415262,-0.2571804638289998,-0.2317839633919915,0.2318178984966837,-0.2318451705408442
3,Baker,0.8264285738392699,-0.8285214330383672,0.830677622445382,0.2842392308343042,-0.2844255076962593,0.2846080308586854,0.5306269073556189,-0.5312170381958063,0.5318059405411459,-1.1783698854858349,1.1777306459326708,-1.1770854133689803,0.3233345748181607,-0.324573204837242,0.3258123588516184,-1.4071395934449216,1.4058511583433482,-1.4045550505266444,0.991921299605876,-0.9961109586784532,1.0003088248253968,-1.3315176565656843,1.327097494113759,-1.3226826220694112,-1.6566786004831031,1.6554784658827806,-1.654296677878518,-4.080750514816356,4.084685535030214,-4.088632266735224
4,Baldwin,-0.3872387490596699,0.3866332598636372,-0.386018678092155,0.0376617736916497,-0.0370442425215878,0.0364260682138242,-1.5374153276924305,1.5386287394235585,-1.5398373152180005,1.6300134527695662,-1.6294740350875916,1.6289368113883655,0.6410045402197884,-0.6420648309978451,0.6431169139973589,1.6308273262017166,-1.632702632478666,1.634576914697802,1.3853785781108658,-1.3864283184534318,1.3874807169434271,-0.7477178817527829,0.7470621646312406,-0.7464123793502955,0.4027826212375363,-0.4039183024565206,0.4050277551158654,1.8237105033472172,-1.8251397250823465,1.8265868822839024
5,Banks,0.2299409115060263,-0.2286251066893774,0.2272827139029436,-0.8843836233882199,0.8838687229883458,-0.8833495501720832,2.1281407868095847,-2.1282914663183194,2.1284413617856064,-1.242633026170069,1.242044657346933,-1.241464040461666,1.0368499603715498,-1.0382984588436523,1.0397619190049217,-1.5465486385375509,1.5470496134135363,-1.5475497439436026,-1.5688704214843106,1.5693564439864256,-1.5698409741890118,0.1006694786783821,-0.100329459146418,0.0999923139824368,0.3523740002580391,-0.3524978128149004,0.35261322584655,2.572022787587718,-2.5717810619782058,2.57153156501072
6,Barrow,-0.0939123064313389,0.0944919295450188,-0.095128297285203,-0.2501689845448766,0.25113735655999,-0.25209970124885,0.9391234648193398,-0.9382492774462332,0.9373723175358328,0.4733656372725615,-0.474042312871609,0.4747093631000156,0.2422089976007297,-0.2428369046080042,0.2434681966943409,-0.0996705873410398,0.1006416698662012,-0.1016089452311925,-0.2880738805418758,0.2890729790168498,-0.2900724395259914,0.8136219612842422,-0.8133460233315537,0.8130665650849505,0.2351103654094397,-0.234959302788872,0.2347955565764005,-0.1703914046164914,0.1701974960200669,-0.1699931491532132
7,Bartow,0.3123289699746538,-0.3112508025682525,0.3101369404115198,0.4961828102726154,-0.4959858996368401,0.4957941671890415,0.5971144335573588,-0.5970022285953898,0.5968883346724679,0.9166512991188184,-0.9173958145752904,0.918133977856788,-0.4754294386575209,0.4743996973752387,-0.4733703747987123,-0.6254039149223394,0.62633380402219,-0.6272579150994649,0.1035625333774653,-0.1026297771853119,0.1017025389858743,-0.0979397118468846,0.0978822244605951,-0.0978248148175134,1.5102035514851455,-1.509308634293282,1.508414623896032,-0.0975794268543485,0.0966689024231299,-0.0957510537523274
9,Berrien,-0.0325164559547934,0.0336584288814472,-0.0347888068353751,-0.3076539136926923,0.3079487285854623,-0.3082434754763735,0.8708590122653129,-0.870469564264262,0.8700852302133713,0.1573702399609893,-0.1567633648658777,0.1561564107499669,-1.5344738437632628,1.5333963237151556,-1.5323100360502269,1.0091679146793542,-1.010357863595659,1.011569425924456,0.6097960816065437,-0.6108767354337246,0.6119762633617887,1.2998352159125683,-1.300557812246922,1.3012786835529546,0.146736363559596,-0.1451380010070006,0.1435613012859109,0.1723137654288832,-0.1720528121120787,0.1717868760651278
10,Bibb,-0.2947622740391266,0.2926753106722606,-0.2905562001929934,0.0811466198386042,-0.0810649050159592,0.0809781234495119,-0.4250054044056998,0.4252233830124038,-0.4254408139459849,0.4553726889838675,-0.456616910578856,0.4578617635303234,-1.4522571069472203,1.451949901837338,-1.451656545412426,-1.1840490245702522,1.1826806236493783,-1.181310355463409,-1.1750607825615484,1.1750265772906188,-1.1749944927977252,0.3876982283668017,-0.3878878044853902,0.3880777507131602,-0.7473664440333332,0.747049761200731,-0.7467285419656822,0.2133969562612093,-0.2129647580805534,0.2125443544688991
11,Bleckley,0.5607321269840705,-0.5624148583403158,0.5641031547626011,-0.1012387722376053,0.1011803770827131,-0.101121713240705,-0.0667660622746055,0.0665981941979153,-0.0664310022835385,-1.2549194631984686,1.2575321831641704,-1.26012997819539,-0.5641025184903798,0.5637082865550062,-0.5633308494254907,1.4781162025020698,-1.477791820528213,1.47747034477299,1.3288196789441709,-1.3301405065557106,1.3314789268881229,0.4242765472573757,-0.4233731841122394,0.4224685900731807,0.7291592669030645,-0.7309789516657859,0.7327762944468132,0.5433819848232156,-0.5444241180928691,0.5454659896541203
12,Brantley,0.0667587656636855,-0.066866985870037,0.0669777977250244,-1.5938284718582674,1.593469175304251,-1.5931079101951808,-0.4215251001706102,0.4209010235386102,-0.4202705845994451,-0.5876154001489172,0.5887998245453262,-0.5899812688625513,0.7177428950566728,-0.7178026624586589,0.7178749568208643,-0.6253147840624441,0.6257395860016679,-0.626160425564358,-0.4265096750522931,0.42684629284218,-0.427181491809221,0.8395813747254868,-0.8396017538114844,0.8396296190108388,-2.76741239934244,2.764687875430995,-2.761958188926382,0.3474551999440272,-0.3472791193908873,0.347096223969884
13,Brooks,0.3142792572009615,-0.3144402033872894,0.3146398871622805,-0.8519074951622803,0.8517376260593067,-0.8515719112241565,-0.361288081350181,0.3612920102863585,-0.3612940724058088,-0.462045731634673,0.461492731637314,-0.4609436339135566,-2.6728152963599694,2.6731274937279736,-2.6734303046942345,-1.5137334802325242,1.5135572289567074,-1.5133619892638883,-1.0547271491137504,1.0545245056173909,-1.054311937508898,0.0098656181616793,-0.0101129311302955,0.0103582856260986,-1.019856329267456,1.0207196251684123,-1.0215749785114423,1.7972305202892471,-1.7960009381436932,1.7947851224172846
14,Bryan,1.576695142797134,-1.5756513228356983,1.574564480035971,-0.645242371404685,0.6457039375887219,-0.6461570015401601,0.3940788060054306,-0.3936592050692999,0.3932320058076609,-0.5279879114695833,0.5271631160175548,-0.5263454610476812,0.997823768458052,-0.998611278552152,0.9993772475797096,-0.1797342360715223,0.1801934553288802,-0.180665540648166,0.1689272322121286,-0.167883185563529,0.1668229833509842,0.1040596619379178,-0.1046435988372805,0.1052222270531972,-0.1530657521588727,0.1521073064631107,-0.1511691674820922,0.4215019404461029,-0.4226553157786311,0.4238023751879229
15,Bulloch,-0.2881754261893407,0.288908535081604,-0.2896556106005607,0.5521462713175003,-0.5514813120451382,0.5508201136529509,-0.5884700553128581,0.5891323086451015,-0.5897937105643024,0.1237105643621614,-0.1242736451417264,0.1248353619060971,1.113084287199413,-1.111816322415566,1.110554392884857,-0.4711470571513438,0.4706855419220846,-0.4702260592986025,-0.2968664748183246,0.2962182453854997,-0.2955798900000805,-0.0476425081509359,0.0481619383453476,-0.0486916509621661,0.0461148622425917,-0.0482317997156408,0.0503187140526083,2.088748155887055,-2.088217131791432,2.087678625553947
16,Burke,1.2765106243931756,-1.2719544689817142,1.2674634891955734,0.3902448939523071,-0.3905086875559388,0.3907671470699298,-0.6880199433038117,0.6865311445707749,-0.685040724227795,-0.8988304460317035,0.8990478677154338,-0.8992529886831413,-0.7840819613307567,0.7844317305655286,-0.7847918160291915,0.5374698158527775,-0.5380073591610767,0.5385504755059385,1.0440864620880783,-1.0432201273317998,1.0423534061873456,-0.1414345946987554,0.1413079714924318,-0.1411709053252017,-0.0204468958415478,0.0220817924704996,-0.0237067793408741,-0.1029832441186714,0.1047076649792686,-0.1064106035244806
17,Butts,0.1402605853221313,-0.1423498517550039,0.1444284873974421,1.7929615826303618,-1.7920890901418676,1.7912198513830526,-0.6928401289779106,0.6915077774604851,-0.6901739959253197,0.6445103034794615,-0.6442936660505966,0.6440740970033172,-0.3525771612340552,0.3522233967169421,-0.3518766618932785,0.7446308767726914,-0.7445397607938986,0.7444645304607839,0.2923224832766345,-0.2917287730126109,0.2911479991875387,-0.2400295890740851,0.239590933159679,-0.2391405459102835,-0.0413495513087141,0.0429733700078821,-0.0445861282994215,0.1754506726062644,-0.176054054235326,0.1766552454366799
18,Calhoun,0.247591310624662,-0.2486686560620848,0.2497974488384283,-1.012220575525373,1.012181195187318,-1.0121480470098312,-0.4398052520832287,0.4403160222749027,-0.4408155567839876,-0.1914350839581389,0.1919846192841692,-0.1925348269255222,-2.045955675772096,2.046474173460414,-2.0469846891277554,1.9967988396151917,-1.9972335204398437,1.9976611473195285,2.576020740955141,-2.576174779255504,2.576325266215915,0.649658670301179,-0.6506876224803155,0.6517080391218387,0.8331660340090636,-0.8312873703226881,0.8294269548882132,-4.18963428606698,4.182308735051336,-4.174923497927526
19,Camden,-0.0199657945842097,0.0192490781727874,-0.0185781971047802,-0.1370592264695264,0.1381839523581529,-0.1392998042487485,-0.245075761485341,0.2460991989345085,-0.2471251336614797,-0.4194546093009563,0.4194365326432475,-0.4194221981203966,1.7429348484910174,-1.7435542282783183,1.7441567535000402,-1.0151272711264123,1.0154807969030346,-1.0158358073829985,-0.7491236865356264,0.7482335770122053,-0.7473491955611005,-0.0895366395749995,0.0900935193597231,-0.090659044212085,-0.1681806332960201,0.1683498755108704,-0.1685259246962994,0.2387870744901127,-0.237939275091399,0.2370939413401033
20,Candler,-1.3378961531172635,1.3383760162917928,-1.3388422809140896,-0.4817085912082469,0.4810486173473152,-0.4803932287750305,1.0797414150423768,-1.0797024934823711,1.079668456360621,-0.2140627837252267,0.2147832581089705,-0.2155093901359577,1.5588541528251267,-1.5589581975222282,1.5590879052017392,0.0715615856180029,-0.0703738030865113,0.0691925154175315,-0.737601878877911,0.7363717331132931,-0.7351319494080468,-0.8333432051689613,0.8329606275606117,-0.8325741918871599,3.405128360154648,-3.401201710706268,3.397299936356914,-3.859410897953907,3.8658700880237578,-3.872351323672078
21,Carroll,-0.7241564354759253,0.723478229043948,-0.7228391201498919,-0.4037874160006685,0.4047611686419928,-0.405730578946529,-0.4818073138490353,0.482339271310425,-0.4828711943371887,-0.0168776849422965,0.0170044331013694,-0.0171320920478551,-0.1047989267686071,0.1050691546350965,-0.1053422472308662,-0.0207094342936432,0.0230715522768464,-0.0254298518744983,-1.0682784721494718,1.0701510099718077,-1.072017880197952,-0.0778637737028953,0.0777716656877716,-0.0776780108020021,0.0894062993332009,-0.0901110890159302,0.0908068313315293,1.953588837507486,-1.9525730359238145,1.9515580265398131
22,Catoosa,1.0329334923570048,-1.032687760603934,1.032409651771515,0.1290042749685955,-0.1292922554272925,0.1295868369614239,1.207437236620975,-1.207149828620709,1.2068563783844113,-0.7368781227967506,0.7359752062878377,-0.7350809207586767,-0.828206694093628,0.8277867552912143,-0.827387230498744,0.6653544731323849,-0.6656191641835736,0.6658612678524982,1.3730700517471488,-1.372824890077244,1.372552463047239,-1.0482302197916449,1.048185278260995,-1.0481433152639896,-0.3363789788952732,0.3361655650645138,-0.3359604994132663,-0.2498304641031188,0.2492167543062787,-0.2486074921436754
23,Charlton,0.4502117343036973,-0.4522091599959838,0.4542312464724661,-1.7839664222291969,1.7853009377446436,-1.7866327430464584,3.4990032141504708,-3.499527899754431,3.5000536257284542,-0.243437234493877,0.2449275320886834,-0.2464199189779906,1.963533626259624,-1.965862687483963,1.968192582417596,0.4627014330140537,-0.4621324084072901,0.4615505369918131,1.3440823783877094,-1.3437627163616075,1.343433615964703,-0.1708633487129462,0.1700748935016074,-0.1692858214474593,-1.9356885141942373,1.935699283084628,-1.9357028864692951,0.3880004168630945,-0.3884654770944725,0.3889218449863067
24,Chatham,1.063600251042672,-1.0628641626721222,1.0621291033654958,0.3186616285552751,-0.317947584178916,0.3172411325136836,-0.6993013030696476,0.7003827752445986,-0.7014686683695402,0.3440149972496781,-0.3458234068161478,0.3476280842187477,0.0781367857148762,-0.0776778616077625,0.0772155150787011,-0.979347110455074,0.9804514869630716,-0.9815642516958832,-0.4285688748232615,0.4302458560316045,-0.4319366950291882,-0.1871327829790462,0.1872178533786918,-0.1873044712382038,0.3186929194695629,-0.3185406069943579,0.3183764998338667,1.0070934404662102,-1.0076051767776213,1.008123203753303
25,Chattahoochee,-1.1454974458532556,1.1439754859079303,-1.1425137885368517,-1.8608115177548537,1.8664090515487173,-1.8719875153990084,-0.5986564205553084,0.5992450340797236,-0.599835128114086,0.5098785156266662,-0.5057592545863298,0.5016525871568002,2.6372435729799912,-2.636869135929123,2.6364699121744257,0.212346876030983,-0.2144678239842528,0.2165660606354432,0.7175764201081557,-0.7190056239373377,0.7204040641899099,1.2337843939178097,-1.233663177165939,1.233526337212242,-0.6360270338755237,0.6310953008675159,-0.6261703821608141,0.9001296780879814,-0.8994889528234611,0.8988305513683992
26,Chattooga,0.6117561014806633,-0.6122445358500253,0.6127349843366642,-0.8627120316660575,0.8625010236765089,-0.8622881907952318,2.5462203898955886,-2.5469476955835546,2.547678232180608,1.3171982022533335,-1.3186067734394409,1.3200151216573994,-1.4038040073597446,1.4032925304284345,-1.40278156485454,-0.3655405745438852,0.3659992092028416,-0.3664613119234217,-0.910514279869018,0.9112001240877164,-0.9118892269666828,0.5257649490406677,-0.5261409259249296,0.5265262026758437,0.7389761449914842,-0.7395260609263098,0.7401033982633467,-0.1490450110291254,0.149441182763888,-0.1498467666675597
27,Cherokee,1.0422442209613727,-1.0427639014697712,1.043216724650578,0.6525883705101745,-0.6523538632333791,0.6521288972096805,-0.2961399074373896,0.2970487348323632,-0.2979671021488038,0.1721794844639692,-0.1733884729593703,0.1745856245607457,0.0489817858240337,-0.0494065981499403,0.0498142740326714,0.1065816534665997,-0.1066311365498679,0.1066666806568499,0.0926745343087541,-0.0922923886369617,0.0918962349055967,-0.5043547711369717,0.5044467593756156,-0.5045492250193491,0.2027292780646768,-0.2039672951249961,0.2051741656363422,-0.2453231314255241,0.2453392726711428,-0.2453683716602629
28,Clarke,-2.492321023420957,2.493743447730649,-2.4951990905262567,0.7358775810396624,-0.7361620883878977,0.7364499135029258,-1.4452522532866,1.445761151676293,-1.4462708424869677,-0.7701650870632598,0.7684330939162833,-0.7667041734154844,2.387997332454568,-2.3854597602048213,2.382931284400164,-0.0662660629237184,0.0656603098154824,-0.0650626484489072,0.0843143011127216,-0.0845745480639052,0.0848196923992437,-0.0271630592342537,0.0275492672996286,-0.0279489282651155,-0.0393232491975965,0.0373585675495802,-0.0354273597058214,0.1972548595372141,-0.1976349359287254,0.1980193972695667
29,Clay,-1.9124712088684688,1.916126489738317,-1.919722454194108,1.7403244336942454,-1.7413519470200012,1.7423635541486566,-1.5909186942799278,1.5916244965475648,-1.5923183690020777,-1.5764659406089585,1.5726159755631075,-1.5687379436830535,-1.2707235461512143,1.2697532762338324,-1.268786890773535,-0.1319020767174242,0.1313432501085188,-0.1308029716238463,0.5694452305289203,-0.5696517699917761,0.5698337442311169,2.281038767786435,-2.281694440787257,2.2823631916633547,-0.1625399147582225,0.1641366809293523,-0.165735301809257,0.1893468274955757,-0.1899847505502103,0.190613717161264
30,Clayton,-1.925677994360489,1.9262888110927552,-1.92692716796758,0.081031416040205,-0.0807282515205712,0.0804154769851622,-0.5411178684025414,0.5418953255121542,-0.5426741897034287,1.5902050914733317,-1.5922182823722624,1.594236692275757,-2.307972685768077,2.308786785721966,-2.3095903260965884,0.4947477934241585,-0.4951565790417604,0.495555545046869,0.8104728310775128,-0.809777959815451,0.8090629724856173,0.2666700706499127,-0.2671091727889028,0.2675383914774631,-0.1475443622111051,0.1480208319104694,-0.148502109876439,0.37225570863696,-0.3730403454990502,0.3738418410708807
31,Clinch,-1.049653133580013,1.050157302875901,-1.0506536679149037,0.968172734863839,-0.967160158449464,0.9661426725312702,-0.3611567469082179,0.3593837786488497,-0.3576019926462753,-0.7864602105958647,0.7883220381109326,-0.7901831006493,-0.7500579402671583,0.7486056778511784,-0.7471502370935414,-1.375572605815124,1.3792065583161814,-1.3828051724081818,-1.3834840307678744,1.3837161515937555,-1.383921282388897,0.9201829812965676,-0.9199369447465782,0.9196863524573958,-0.7738656055362841,0.7763394117156126,-0.7787836036132397,-1.644553405495298,1.6446341319540208,-1.6447046119372537
32,Cobb,0.6193623354763916,-0.6187782871357118,0.618138520964773,0.5039195045454133,-0.503720012437074,0.5035290380214825,-0.7392912266929861,0.7403674424915039,-0.7414549322328455,0.5949605897497401,-0.5963524132401793,0.5977348204231183,-0.7226451215616598,0.7233463548826853,-0.7240598083699711,0.3472829065993049,-0.3473129725538741,0.3473268265657521,0.5618496105648535,-0.5614594419849133,0.5610505798641295,-0.3360764469303075,0.3362808568349502,-0.3364960668788211,0.2911231078926228,-0.2925157940450361,0.2938807495407116,0.0709810176682308,-0.0709649044489556,0.070945960121578
33,Coffee,0.9052950798274136,-0.9053423528191938,0.9054265451863024,1.1106868964457517,-1.1108867842887893,1.1110851940805364,0.2363933993319343,-0.2367327471936206,0.2370755207742502,2.5952506226498997,-2.5942107588235035,2.59316704915009,-0.3788443469147379,0.3788887303815866,-0.378916537069096,-3.884345100566207,3.885234357878797,-3.8861169546584096,-3.9205890000519297,3.920704330108959,-3.920824251057648,-0.0221202444188301,0.021700468961107,-0.0212779318271127,0.7094749655872102,-0.7076547725061043,0.7058619457683587,0.2179577857407447,-0.2174171384856986,0.2168786751039964
34,Colquitt,-0.966096406984595,0.96604954553708,-0.9659982623516212,-0.5923236422738899,0.59275659036449,-0.5931913417514157,0.5830406642910034,-0.5828361711173249,0.5826351866397352,-0.8084627322966605,0.8092124418063066,-0.8099649106776673,-1.0760359122065877,1.0753238142594124,-1.074579722781684,1.1094874440614846,-1.1102622068985248,1.111047199840682,0.3250985230487941,-0.3260779847386663,0.3270787475745737,-1.2064590576167231,1.2065763417953888,-1.2066871535120804,0.0253088601237879,-0.0229094446278803,0.0205349328918577,-0.2317861064436532,0.2318178984966837,-0.2318451705408442
35,Columbia,1.5045543862350306,-1.505368397448246,1.5061196843298557,-1.0581454510451411,1.059033651329947,-1.059914104175829,-0.2353444708676556,0.2362101348838683,-0.2370851423713133,-1.160573931039805,1.1596613217799323,-1.1587566635123945,0.7516442480150768,-0.7524152911813566,0.753154569206913,-0.1496163900448205,0.1495708641206767,-0.149541063737491,0.378953190023439,-0.3785474854983652,0.3781232072168191,-0.2350215667372933,0.2351775597353144,-0.2353445379593907,-0.1293089204578131,0.1274442232317371,-0.1256134575861801,-0.0171789365993908,0.0175281139742514,-0.017892125199135
36,Cook,0.6229943475930134,-0.6228027149057919,0.6226414676929863,0.3362329813194818,-0.3359329351621931,0.3356311751548099,-0.477410125799789,0.4774631901268146,-0.4775124288265675,0.8074603384223579,-0.8062887547251754,0.8051129099626634,-1.1074584662140678,1.1084413420457389,-1.109413452411348,2.0451991060758066,-2.0429417806184134,2.0406863675804123,2.331610002912868,-2.3294469542989438,2.327287650170574,-0.1293907306780292,0.1290307964234513,-0.1286697542298585,-0.2051119299793089,0.2062606807716251,-0.207393919094755,1.2940359251329765,-1.2947554118546016,1.295471761338466
37,Coweta,0.7163722821186962,-0.7159129108689662,0.7154021774369493,0.1189719706606318,-0.1184331372354619,0.1179020590614022,-0.3910406338054051,0.391617575045795,-0.3922017993685838,0.4674267815977262,-0.4687060475520979,0.4699772927109175,0.3250307767255632,-0.3256743338134329,0.3262952137576571,0.2126804506138631,-0.2130720139699579,0.2134553293692787,-0.0009923663957329,0.0012713507818375,-0.0015616361838844,0.0149680273451376,-0.0149576928889318,0.014937537178464,0.3035409185520552,-0.304092550110719,0.3046255446589538,0.0559041361221586,-0.0563164839574702,0.0567229181943243
38,Crawford,0.2536076388047021,-0.2539554488777247,0.2543003963076267,-1.0343971809375292,1.033745913179287,-1.033094086988475,2.378484882239253,-2.378628528531369,2.3787713349273782,-0.1427514005457466,0.14270213433491,-0.142655665534704,0.4265945456810823,-0.4265683018043237,0.4265449316254879,-0.5476090147675897,0.5475414462750039,-0.5474753814482765,-0.92212178146289,0.9211370330851508,-0.9201556121589576,0.0959527103531395,-0.0977619639937008,0.0995739731386035,-1.4421379391354834,1.4409183740504423,-1.4397233479502314,-0.5928982114653186,0.5942236935801218,-0.5955554282509834
39,Crisp,-0.7614505493473963,0.7628852508855467,-0.7642662335717472,-0.4931886942679625,0.4930534769952054,-0.4929275943483858,-0.5473785210977102,0.5468592818445147,-0.5463337733554244,2.7158039517862647,-2.717744383390888,2.719686700666504,0.5610816133007515,-0.5617968037052818,0.5625090602344273,-1.5805791662497095,1.580096230326754,-1.5796142049770985,-1.168889930182646,1.1690208323970794,-1.16915155246687,1.02219991532094,-1.023266658012684,1.024331017108505,-0.0047669052308934,0.0080066915601755,-0.0112171132759686,0.4747486156219281,-0.4728106609401151,0.47087533170488
40,Dade,0.4934366026596659,-0.4932145663144567,0.4929565916069138,-1.2225152778421982,1.222790846648764,-1.223058466689286,1.0402262790529706,-1.0410677973870863,1.0419056846959018,-0.8046745396507359,0.804372066171808,-0.8040766252270517,0.3446203954603132,-0.345674110204305,0.3467191919829517,0.4771811546452351,-0.4781558211947033,0.4790992616159328,1.013752627597916,-1.0142759926981713,1.0147598915752565,-1.2263275307351995,1.228120478762375,-1.229912016982984,-0.0653173940505701,0.063148954419782,-0.0610015006550268,-0.9479358444243566,0.9480743014093568,-0.9482104807013064
41,Dawson,1.3793650282925407,-1.377916936247674,1.3764348089714449,6.011644289927139,-6.010189765365171,6.008747140991353,0.5220267786739936,-0.52026792762366,0.5185032514776463,0.3752137460117836,-0.3760063735318882,0.3767881920981359,0.9050840011946244,-0.904812295283826,0.9045422264491436,0.4119382287570638,-0.4112931234407803,0.410640961025085,-0.329123154218455,0.3296863672269898,-0.3302582821410739,-1.7840852360221608,1.7839030147306034,-1.7837114417763964,0.9159092723699545,-0.9163452690006042,0.9167690924611364,-0.0010916596272306,0.0008207853834675,-0.0005633594352265
42,DeKalb,-0.1379476131363526,0.1390439676084517,-0.1401577681380031,0.1310472062828276,-0.1302554121965206,0.1294667449215917,-0.9204379071446654,0.920901527720952,-0.9213746148993543,0.9045898396509918,-0.9063550760998104,0.9081171599267877,-1.5140587538296415,1.5152130979922436,-1.5163694369878786,0.5354089172152373,-0.5353903910806187,0.5353539241291215,0.875612494673071,-0.8750388597865748,0.8744438902838708,0.2493277010377396,-0.249389112861412,0.2494399936767918,-0.2556071079473534,0.2546861738026074,-0.2537785935580399,0.5404298698707157,-0.5407309892938892,0.541050778813524
43,Decatur,0.2368385793452584,-0.2356388869978415,0.2344874295109426,-0.4632869004791303,0.463887695616023,-0.464493103849342,-0.757075934752521,0.7578596955909379,-0.7586395874699832,0.5966453873143784,-0.5952925748649587,0.5939392177935222,-0.9669442788620318,0.9668789099159064,-0.9668103517185944,-0.5310156075580913,0.5317163306555827,-0.5324002989233504,-1.0425784617865477,1.0426876013487665,-1.0427844248538776,-0.3805678304164328,0.3808100644856309,-0.3810488566193166,-1.1313756248469922,1.1322329533858198,-1.133066844652933,0.1542560637749229,-0.1561009434726964,0.1579636013803675
44,Dodge,-0.6668709095953966,0.6669393117252419,-0.667002576217153,0.5899011442551881,-0.5897972221694219,0.5896934877253069,0.1214455390412091,-0.1220480273480598,0.1226522248820711,-1.0761304446660285,1.0775780260579408,-1.0790161125941191,-0.3252636709349381,0.325447745155613,-0.3256350804979357,0.3537882614341602,-0.3544765397824102,0.3551738254281676,1.3698880880202822,-1.3702245618472804,1.3705728647417197,1.0308252996705292,-1.0317923090374173,1.032760546504648,-0.8544541260283994,0.8547237915255708,-0.8549851831844855,0.616722832024127,-0.6163645738008818,0.6160106067512435
45,Dooly,-1.1845199575041934,1.1828884127135069,-1.181239133509369,-0.2769674004099381,0.276099501433356,-0.2752372075862269,-0.3411622498161277,0.3414843342842761,-0.3418026642902719,1.2974164155631671,-1.2977535796224344,1.2980958287025643,-2.678177125973096,2.67846972624713,-2.6787572326847653,-0.0598928767439792,0.0586473143344283,-0.0574125313543126,0.4578095904326573,-0.4592898466842177,0.4607620532941275,-0.5091499133769738,0.5087567774383951,-0.5083701290335869,2.1413586496586454,-2.1401674314388446,2.1389858147093013,1.0643944084510326,-1.062306968759924,1.0602144210916085
46,Dougherty,-0.551493326583492,0.5511829157995931,-0.5508265411069245,0.5521899310049484,-0.5516826313670344,0.5511665664905198,-0.6108540414950699,0.6110168450595131,-0.6111763794364578,0.7661839123330093,-0.7676219467135611,0.769066337437988,-0.1186402870941526,0.1186381823117532,-0.1186405096864003,1.2488408147012058,-1.247607141951078,1.2463665351014206,1.1224369937575822,-1.1215940989771225,1.120741325731539,0.270778970839869,-0.2720321036961181,0.2732797359327685,-0.9384472035032349,0.9397597891486092,-0.9410615873899916,0.4601535119066244,-0.4612100913048467,0.4623010633276249
47,Douglas,0.3652490377265643,-0.3665309276392438,0.3677746629244476,0.0278437688209159,-0.0283297473874745,0.0288132734218519,-0.8142978708665993,0.8146798993620464,-0.8150667347847214,0.8460839908512997,-0.847457132760012,0.8488271552431038,0.4528380224553447,-0.4527385276421078,0.4526314922090993,0.2786686382047894,-0.2774879691833785,0.2763090635487179,0.1308061268998741,-0.1297111844420079,0.1286125712961205,-0.2843831512713137,0.2842584646950557,-0.2841413622940469,0.1356474845570565,-0.1365661699119529,0.137466218096161,-0.2781772545925953,0.278076885567398,-0.2779770946748593
48,Early,0.1016528230632074,-0.1027505952029813,0.1039019635003778,0.2163917396928645,-0.2168382192645567,0.2172757108551012,0.6232412822654745,-0.623612945345074,0.623989203943213,-0.7216583167592155,0.72085638111988,-0.7200522329443557,-1.0471134408261409,1.046939069838238,-1.0467769068216128,0.9058631526453208,-0.9053082407861052,0.904764622752729,0.6374314653799731,-0.6365245088680582,0.6356210004497226,-0.1195339095433744,0.1193750713360689,-0.1192114655721995,-0.4534529251357493,0.4543546291277905,-0.4552440667495924,-1.074228767708378,1.0731099035583376,-1.0719647116541915
49,Echols,0.4477383663251449,-0.4455615418393724,0.4434241737932536,0.3684763584287958,-0.3678640780368362,0.3672542553273599,-1.0041595834668229,1.0041821383350644,-1.0042022085679303,-0.7998075681004344,0.7988274996983509,-0.797857659146102,0.0571724132827112,-0.0529479384207934,0.0487836044270887,1.443394206577915,-1.4445784449385926,1.4457572420681646,1.0794739687124415,-1.079794204525491,1.0801033013564918,0.003426656406077,-0.0015508436856596,-0.000332644323445,-1.6107860437052075,1.6108167841965138,-1.610872940465912,0.7537585868927789,-0.7537549020212764,0.7537373644208921
50,Effingham,1.1576647797889843,-1.1576522260085416,1.157591580362767,0.4521570574361237,-0.4518829183940234,0.4516182663741246,0.4660058098798371,-0.4660586147926425,0.4661057255786574,-0.2181985978935326,0.2172511744303003,-0.2163124724904289,1.0351587932195625,-1.0358283033722864,1.0364776961030349,-0.7687350930494732,0.7691292648491938,-0.7695226316614089,-0.0089620711007458,0.0097882945105044,-0.0106198604710806,-0.4238351888423723,0.4237423375696374,-0.4236529087749087,0.1240842909132814,-0.1259523324785838,0.1278001718393485,-0.1179582688552493,0.1178514774844774,-0.1177565596546799
51,Elbert,1.3629594464918526,-1.3647259663564064,1.3665283257042866,-0.528092614402986,0.5283079733133272,-0.5285258773185447,1.08975723987624,-1.0911656017949545,1.092572945041335,1.4527305711978955,-1.4524642211889098,1.4521989903879295,0.0388309047957773,-0.038525102332439,0.0382260410606243,-0.1353215261082054,0.1331115286764688,-0.1308998981647657,-0.0740331298301575,0.073725240700794,-0.0734168819398633,-0.6095305099455388,0.6104316643440796,-0.6113258958765214,-1.2846829489036156,1.2851231906296336,-1.285560390662445,0.1099395345782653,-0.1098496755040329,0.1097626421741974
52,Emanuel,-1.2105888160385625,1.212585677431533,-1.214560941216305,-0.1721334622227676,0.1719106168021342,-0.1716912958650391,0.2414106060167365,-0.2417189006790854,0.2420321337490361,-1.0627608970090927,1.0634954491809696,-1.064217349051106,1.58863975131252,-1.5870144805675794,1.5853979407816736,0.7055048974791867,-0.7062570017535557,0.7070176257234038,-0.6888495772879837,0.6886169882404942,-0.6883780083616751,0.1056961102652788,-0.1044048227673036,0.103116944341757,-0.7569160724367124,0.7577340469529619,-0.7585323071358814,-2.2608239374287638,2.260861868478677,-2.260894832968979
53,Evans,-0.8602903196464294,0.8600212144827433,-0.85972871146066,-0.3664787398211165,0.3670065566052127,-0.3675384351926703,2.180235264802032,-2.1800437536960597,2.1798541484905587,-0.0729570807584251,0.0722129239953229,-0.071474972929473,0.7379403742637414,-0.7361306055753488,0.734335732768043,2.0005192404462986,-2.0004328874075643,2.0003649897499334,1.5695954745132947,-1.569861535171112,1.57014970006885,-0.6444233134365178,0.6431812890179894,-0.641932520313685,-1.3998612705403115,1.4021907877627744,-1.404490213378559,0.7531734949963064,-0.753029384337557,0.7528758948880732
54,Fannin,-0.5456260690757231,0.5473185719568542,-0.5490253625041883,1.1079571722445942,-1.1094816872164892,1.1110082790872655,0.5849311846291864,-0.5842477289410641,0.5835614635019584,-0.2505642587287027,0.2511061700819233,-0.2516524225181216,-0.0909366467535299,0.0918499072809556,-0.0927486180319852,-0.3019518552005928,0.30120154790193,-0.3004483834107567,-0.9268739683432388,0.9259107397534476,-0.9249316531899676,0.1439808565219824,-0.1440730292262685,0.144175784333301,0.838582922564565,-0.8387512229384751,0.8389181285787206,-1.275189097026253,1.2777762877201475,-1.280368869792617
55,Fayette,1.6222791386609974,-1.6232208448629797,1.6240968980991883,1.151159751110891,-1.1512673726237603,1.15137801231287,-0.6093268825624818,0.6100450524755852,-0.6107759041119849,-0.2396754060597745,0.2386874133519688,-0.2377073899089163,0.2893632328753131,-0.2914749499567711,0.2935488948821917,0.1283239241021496,-0.1289463616670087,0.1295514049065858,-0.2589631151140837,0.2588493942337878,-0.2587551966108342,-0.5459534203942854,0.5462157054314669,-0.5464905799630865,0.0737388792473432,-0.0767128393086424,0.0796432636512923,-0.25417047854624,0.2542358324622615,-0.2543151027159497
56,Floyd,0.7234412751458698,-0.7243736984584287,0.7253086606026445,-0.2825289597898434,0.2821883167630505,-0.2818475508349342,-0.4157010012678791,0.4157795660030206,-0.4158593247339936,-0.0786591986045361,0.0786180313492961,-0.0785773273622043,-0.1460551315185685,0.1451466671027547,-0.1442355908368733,-0.2540871238726103,0.2555191584910622,-0.2569445891779339,0.1018151666096913,-0.1003381364133526,0.0988727555664497,0.3897376685686404,-0.3896800434116928,0.3896235591098564,1.0106701995345244,-1.010787195023244,1.0108990015650388,-0.4496217981146157,0.4505035244103225,-0.4513819175592889
57,Forsyth,1.997202118796291,-1.9975556220054629,1.997841505617898,0.486413528131161,-0.485441659800003,0.484479365362628,-0.8212945553676209,0.8224357982961941,-0.8235905427639215,-0.1736069397516283,0.1722659340122959,-0.1709369569549805,0.4614779268089171,-0.4619110372333137,0.4623093908306027,0.5723217704726619,-0.5722521322369704,0.5721657587642494,0.5896867676749294,-0.5893151412974745,0.5889254057225302,-0.6931324507243549,0.6938289307624488,-0.694541185788944,0.8824091459580936,-0.8839756393648125,0.8855038750990136,-0.5523741313291082,0.553031298100222,-0.5537022229947189
58,Franklin,0.7599730516898918,-0.7597484778053852,0.7595310587495853,-0.4784685543354722,0.4775996867422048,-0.476730066787304,0.2942491462596482,-0.2946205413520742,0.2949921732712884,0.5076395225183077,-0.5074179617070198,0.5071933029043306,-0.9337289850550504,0.9329550278265476,-0.9321748441759092,0.3633533384057401,-0.3634881896281371,0.3636286334177488,-0.1276436080735631,0.1286795702784959,-0.12970623473149,0.5071255078746639,-0.50706753282388,0.5070217400622631,-0.7235624139905555,0.7242263868222607,-0.7248844324631698,0.0793802398177548,-0.079547051440474,0.0797035970423229
59,Fulton,0.0764796651682249,-0.0762469734406151,0.075983691980854,0.1243687817715217,-0.1235273583406328,0.1226965016370545,-0.8101116156494662,0.8111536699520044,-0.8122063719348991,1.0752834927026187,-1.0769972844331577,1.0787078300110216,-1.13960737115807,1.142437596024733,-1.1452807667713658,0.4105306789874791,-0.4107729319711694,0.4109993867173061,0.8334818232222024,-0.8330367048058538,0.8325722634895877,-0.0436283711668009,0.0437387914775079,-0.0438558109365416,-0.2119857130297359,0.2117946450420964,-0.2116221505283521,0.1171906045233023,-0.1164051456504248,0.1156479380581421
60,Gilmer,-1.205598539816462,1.2073683213079858,-1.2091574042889326,-0.1267011683311364,0.1254998224121987,-0.1242963004749836,0.6864926726424896,-0.6863649546934711,0.6862343362016866,-0.1853751430444322,0.1859472447732246,-0.1865228167939852,-0.8720562523336198,0.8719641962078469,-0.8718420449622594,-0.070356606504139,0.0701070875968572,-0.0698473793234862,-0.1239231828212565,0.1254376151339662,-0.1269306294570505,0.5149685750402616,-0.5161181661499024,0.517273947079575,2.0110412349937654,-2.010002411645757,2.008977235113085,-0.4552129155869993,0.454277845572874,-0.4533470930271142
61,Glascock,-0.2350927787863542,0.2344375382269443,-0.2338190673954834,1.129182044008225,-1.1290105663353365,1.1288426677797678,-0.4353496493877277,0.4338129493794557,-0.4322755620065864,-0.4436212393098621,0.4458012024197815,-0.4479819005610903,0.92444791280286,-0.9251858430456964,0.9259100638824128,0.1593387799822868,-0.1604524663218734,0.1615643735854472,0.3885669146318529,-0.388719153709597,0.3888755507442447,4.453371764168081,-4.452323595253817,4.451285562394674,0.1921347086836917,-0.1948489702689828,0.1975578826732293,0.3385628880953216,-0.3394445142747784,0.3403107717200675
62,Glynn,0.4180099012071744,-0.4181079088062993,0.4182076698847196,0.742716141471128,-0.7426281887776915,0.7425423381428854,-0.1185428544937181,0.1186565626969116,-0.1187747405220058,0.0269300135628723,-0.0274814106166379,0.0280302009198633,0.4236393858097204,-0.4244960091726394,0.4253551258742038,-0.6328290128920322,0.6329467622859196,-0.6330755177364483,-0.0342381616924058,0.0342929131063859,-0.0343542005727519,1.077958073292528,-1.077906845662829,1.0778542034041687,-0.6893671930478417,0.6904957888464,-0.6916186848237886,1.188323046227593,-1.1870594634134015,1.1858080726029447
63,Gordon,-1.2854557985419992,1.2864558694683133,-1.2875086837075145,-0.5727588979807005,0.5735509906244407,-0.5743400193311469,-0.1909669317229426,0.1915078233449192,-0.1920477635385093,0.8585901577636224,-0.8583500598867952,0.858104291874975,-0.4468557126818842,0.4463323763789235,-0.4457916566692551,0.5709956488775836,-0.5702830640507289,0.569574997200007,0.463106709327741,-0.462432064533795,0.4617726902464716,-0.2510836312762863,0.2516637103832839,-0.2522467297617849,2.1050667078661887,-2.103760395908448,2.102465429260698,-0.8715030176160276,0.8721562548567846,-0.8728101276312512
64,Grady,-0.0117187356270204,0.0133574488930275,-0.014975838968721,-0.1368194964935995,0.1362340472877284,-0.1356525972775294,-0.3994997291618522,0.4007622895468698,-0.402020895266414,-0.9498883476321448,0.9496205456789646,-0.9493569684884168,-0.7273510821680337,0.7283634652123903,-0.7293521795104156,-2.742290365239525,2.740894441934405,-2.739486863906857,-2.2981509678861065,2.2978212118368804,-2.297495414400068,-0.1951297371225573,0.1952071011497828,-0.1952843557483806,-0.321905379609453,0.3239662028162558,-0.3260076341956255,-0.257310580346318,0.2573495924607694,-0.2573953934982665
65,Greene,-0.6759635774549311,0.6791438776027555,-0.6823125954882705,1.0326732137689807,-1.034063706478726,1.0354482962456326,-1.435689560709226,1.435643082077748,-1.4355985058947756,-0.0148548119399967,0.0148599211280452,-0.0148659946370968,-0.944484866374785,0.944188845755282,-0.9438853983838263,-2.0511063359147474,2.0520816593645064,-2.053048121495769,-1.6594301291618316,1.6585762487291758,-1.6577142947206052,-0.3936000727652693,0.393810490755716,-0.3940227699414446,0.1826981801222675,-0.1834719497549725,0.1842452074601503,0.0851796220830302,-0.0848250484903285,0.0844674471302173
66,Gwinnett,0.8376620063593243,-0.837343471228242,0.8369817489118935,0.0934069017550636,-0.0922261219584948,0.0910468781101164,-0.5651027592103647,0.5658505983405484,-0.5666093066708822,0.3798187043306569,-0.3814833827072548,0.383139988868392,-0.2678221503348223,0.2686946258636573,-0.2695622118199234,0.2072112312720037,-0.207570186046708,0.207911341900198,0.397860071684801,-0.3975976192310335,0.397312806571326,-0.0890948531277935,0.0893745777123171,-0.0896699934858,0.4480165219186723,-0.4492083640817079,0.4503734438788562,0.2526997084059744,-0.2526018298805477,0.2524985101733235
67,Habersham,0.6464555873155783,-0.6453667514593711,0.6442556139000083,-0.9729326711551988,0.9724144182790988,-0.971892550790135,0.0427270853699781,-0.041826376791955,0.0409245235154647,0.1864346770653628,-0.1871690300337518,0.1878976131096098,1.29071142326251,-1.2905263271653225,1.2903605196067651,-0.3453565731783531,0.3458164002313636,-0.3462743721920481,-0.0380408409795261,0.0386001177472517,-0.0391510795884264,0.0886165526955182,-0.0886536385936543,0.0886903946773568,0.7862804475293861,-0.7852987728854514,0.7843157931616087,0.1137639164583079,-0.113883591538362,0.1139950217198516
68,Hall,-0.2751347345618676,0.2760732329425147,-0.2770473589281345,-0.2669284890271539,0.2679076233831126,-0.2688819460029992,-0.2616816350842013,0.2621258618055958,-0.2625754296238529,0.0232134222018679,-0.0241772760439755,0.0251303727001002,0.8839984950467825,-0.8841326158720396,0.8842882080129394,-1.3921206553040242,1.3914194542124383,-1.390729914686459,-1.8073778899389892,1.806076137917229,-1.8047921865530567,-0.6665582289940569,0.6667447521073248,-0.6669372712272924,0.6414165037157741,-0.6406537270247897,0.6398911853427486,0.561709266384679,-0.5632789274768476,0.5648446446544333
69,Hancock,-0.1271054528151813,0.1251068317715671,-0.1230465694094033,1.1557554429666692,-1.1559454425246063,1.1561257681150958,-0.8556076061075916,0.8549238650339044,-0.8542323492226861,3.744253208102639,-3.7419113618561,3.739580786071449,-1.2352398057420697,1.2365709998331909,-1.2379148569862064,0.2764413911821372,-0.2781686498186073,0.2798892819629325,-0.7673870506273415,0.7655725132801612,-0.7637652736751751,0.3158177113962599,-0.3174623522075133,0.3191095305197137,2.4999278379767484,-2.501304945737116,2.5026797656793773,0.7391486962189688,-0.7414828489710379,0.7438121141492041
70,Haralson,0.4854319672353885,-0.4833453957201908,0.4812489289950099,0.1191337488705006,-0.1183075573950032,0.1174879490064792,2.323524998807301,-2.323075735972762,2.3226254140711147,0.3570952773669082,-0.3571346712649883,0.3571704256929688,0.3315047730918642,-0.3318777487932929,0.332243522578903,0.7661371159447851,-0.7632714554023265,0.7604200277048865,-0.1138850912061669,0.1166010532363723,-0.119291464396761,0.113346688436022,-0.1128797487449757,0.1124289299586197,0.2291224441225223,-0.229073318310619,0.2290291282459746,-1.3426553304352606,1.342265965062262,-1.3418573739937063
71,Harris,0.9707037900978926,-0.9709658708594292,0.9711695711471248,-0.0345381397589777,0.0352320229944363,-0.0359168582209983,-0.2070260704550715,0.2079004740487733,-0.2087835788725406,-1.0767598927185789,1.0757611289283169,-1.0747695320600483,1.3332263362526326,-1.3335211743191764,1.3337853364127463,-0.0110613117066928,0.0095911227253404,-0.0081345495380525,-0.2308779489292665,0.2298238919129438,-0.2287861643133158,0.5643106967772679,-0.5644741692037241,0.5646313649479257,-0.3364180281680761,0.3346459521912184,-0.332903383635342,-0.1995927287534771,0.1992437267713668,-0.1989067331756839
72,Hart,-0.0618378090419193,0.0627155803831024,-0.0636076671663764,0.7005374364179308,-0.7010544716941778,0.7015707716222327,0.3772037585620921,-0.3774749553712421,0.3777458467762328,0.7962919980282661,-0.795979813375243,0.7956634486503329,0.0475582672283171,-0.0483802095717282,0.0492048838500967,0.7230276468015098,-0.7243335888262276,0.7256305212296735,1.103533089204913,-1.104121388384334,1.1047024127156844,-0.1130887272922042,0.1147471422167774,-0.1164084063372317,-0.191387058576102,0.1899652722794731,-0.1885501130342851,-0.3164896767819632,0.3165438328729466,-0.3165957404276598
73,Heard,0.3306155073220684,-0.3293820517538379,0.3281487291568507,-3.542399746718416,3.541934143467643,-3.541464879226754,0.2542578015782094,-0.2552191253496819,0.2561803619722175,0.7923356417805737,-0.7924035974677779,0.7924687239652718,0.2690638089874216,-0.2690521403396868,0.2690337900244859,-0.0145231480442866,0.0162791946541889,-0.0180281086091745,-0.790357936800541,0.7922042158055632,-0.7940427067036968,1.718700681477852,-1.7194135925501368,1.7201378134130183,-1.359848794949005,1.359207818463186,-1.358567184265295,-0.1601157011558031,0.1604356339350154,-0.1607619292331995
74,Henry,0.5244589533697781,-0.5249460378908625,0.5253778106735264,-0.5250704942535166,0.5262802959550431,-0.5274902938845539,-0.6479917464542014,0.6492660773618569,-0.650545881363546,0.5367345460049063,-0.5381814270968501,0.5396253283705763,-0.6917382622957846,0.6912333516431279,-0.6907512964404651,0.6440828801176421,-0.64412348912381,0.6441507664128311,0.7527858137748579,-0.7520160312770807,0.7512274493845758,0.1028211886394218,-0.1026118981983292,0.1023939957919902,0.5163041745528516,-0.5177131880413932,0.5190974237064405,0.1902607346235937,-0.1901333164280535,0.1899979499336702
75,Houston,-0.5822696796117571,0.582281419562993,-0.5823471712503482,6.073543395987807e-05,0.000273198838085,-0.0006050556860154,-0.2500285183657753,0.2511206230174697,-0.2522167679244544,-1.129204105338513,1.1282881749961984,-1.1273755534233691,0.0675395818453856,-0.0676858700691563,0.0678106693236112,-0.2842589196055949,0.2848303397440482,-0.2854086387721956,0.0708499936790936,-0.0708280534417435,0.0707958022409227,0.1504728659288624,-0.1501850072889055,0.1498875233260795,-0.1225825793994239,0.1212940217016184,-0.1200189787119784,0.1260099659203772,-0.1262951838978247,0.1265824152927706
76,Irwin,0.4318031751647641,-0.4317480964608255,0.4317165108605637,-1.032962115359605,1.032580125766249,-1.0322001921916415,-1.521234482390545,1.5206238991561385,-1.520008716066589,-0.3004696427583243,0.3021532043008164,-0.3038285131813968,-0.2281716611848015,0.2295038907171107,-0.2308400843017236,-0.8325513921569585,0.8331392446906416,-0.8337262676679243,0.3460323228745214,-0.3465777959330764,0.3471268674944593,-1.055492274714726,1.0553544411181386,-1.0552146284671144,-0.7470581944983496,0.7467611902943667,-0.7464657586897758,-0.4813551033725569,0.4818253903002905,-0.4822974244848518
77,Jackson,0.9361201986988208,-0.934753832843722,0.9333448163337964,-1.300471521679169,1.3001510925772417,-1.2998233623434696,0.148617137652283,-0.1477290879214846,0.1468373595621568,0.7816298710482995,-0.7819102099135381,0.7821779155002322,0.2334579924402085,-0.2330702557531485,0.2326755712144995,-0.9593269352570294,0.959848276749153,-0.9603737199032808,-1.3428020913497976,1.3440615340683857,-1.345325369779815,-0.9049620021897682,0.9056961736761172,-0.90642913719557,1.566193336106777,-1.5652998012425772,1.5643963260491007,0.486938967540979,-0.4878289946869917,0.4887113485466288
78,Jasper,-0.5447397324820725,0.5464203597759836,-0.5481247730777855,1.2177523707197384,-1.2180615828940038,1.2183718525345122,0.0113749135263215,-0.0115699054545808,0.0117666944429192,1.005143091153684,-1.0053995666100228,1.005647035221474,0.0878643174087913,-0.0886665862643088,0.0894744708039036,0.4363735914775574,-0.435861962880454,0.435361228755389,0.0416999939926695,-0.0409714787257775,0.0402558121767526,-0.3609365997886808,0.3613895918241747,-0.3618426873012337,-0.0721011417616698,0.07243094204276,-0.0727716547080186,-0.0827916747185006,0.0810525700520011,-0.0793115595069579
80,Jefferson,0.1141773529628188,-0.1130743428417664,0.112007269313685,-0.0763945171898844,0.0761102864759527,-0.0758339036966444,-1.3532650474891477,1.3526725763608023,-1.3520752246974002,-0.3913505256358839,0.3939408654555083,-0.3965192215316767,-0.2514265722678329,0.2506035606428466,-0.2497770546946093,0.9023493800155454,-0.9045983708112804,0.9068485398913412,0.127435817644097,-0.1285262965777078,0.1296148727284968,-1.1811309653545508,1.1810588378946898,-1.180979774856818,-0.8864735129893319,0.8879790105621407,-0.8894734170287832,-0.5547953371741194,0.553190667765011,-0.5515775166102396
82,Johnson,-0.2278129291050265,0.2276735964482811,-0.2275149414496086,0.6010393970679778,-0.6003413256050929,0.5996441786502559,-0.1410221218204521,0.1390554593425179,-0.1370856601717173,-0.0810175014568384,0.0832063324943237,-0.0853937801702731,1.449697727149292,-1.4495057504447992,1.4493137551141977,-0.71330988139885,0.7119402878109072,-0.7105722041467809,-0.8194359936429181,0.8182820691979924,-0.8171289888696246,-1.522508705244224,1.5231529454219113,-1.5238005387877702,0.7721241404847121,-0.7707979153266132,0.7694734802253567,0.972416003732415,-0.9726613835551337,0.972908981764275
83,Jones,0.3546432816059567,-0.3558260599836608,0.3569675894468571,0.3933698881582518,-0.3933685823074314,0.3933706500409356,1.3171545547396144,-1.3170999900299114,1.31704119259205,-0.0982823812998942,0.0977466759183138,-0.0972186767205781,0.4398793995475271,-0.4404090067216237,0.4409209388713963,-1.0139850909027472,1.0130185871027997,-1.012058707159048,-0.793773455088468,0.7933036185363325,-0.7928445288483132,0.1112436112349682,-0.1113409479109143,0.1114353024148267,-0.4857968416590796,0.4837192877555292,-0.4816725375208043,0.1023106458455806,-0.1023438534254507,0.1023641536841171
84,Lamar,-0.8829205005484488,0.8830161604405168,-0.8831440362642689,0.4481883515228578,-0.4479888968583781,0.4477909801671529,-1.0426761998965948,1.042334665849073,-1.041993231918291,0.0219618103066203,-0.0212038953981298,0.0204490033980903,-1.2301637295410677,1.2308723619593065,-1.2315928406780254,0.7350938137045101,-0.7351866566265675,0.7352807551640638,-0.0991183266765143,0.0996633532256211,-0.1002039705114778,-0.2570765805822043,0.2576916889894262,-0.2583092221844346,0.3441559370853557,-0.3447649433764911,0.3453528436076972,1.77712254234691,-1.7780185482744344,1.7789221999583895
85,Lanier,0.5815756629004074,-0.5813818044234265,0.5812143542086137,-0.199194424132001,0.2001048702377367,-0.20101367100911,-0.4157741025123326,0.4154930437442536,-0.4152087309929559,-0.8754223535869774,0.8747511164936266,-0.8740811060832357,-0.985603285146038,0.987419393361971,-0.989233980646702,0.8350933556924047,-0.8374222149060344,0.8397764890699381,0.0240779126521776,-0.0261535230099119,0.0282386095650567,0.4422720018996081,-0.4421952931509433,0.4421077055516404,0.8379233249582911,-0.8386544332989435,0.8393891408849268,-0.9799642729369789,0.9789566848628568,-0.9779466435045706
86,Laurens,-1.096562739117389,1.0956727479506638,-1.094782549570873,0.1691501008007171,-0.1695664072788529,0.1699767752933186,-0.1949968301363833,0.1949656355839432,-0.1949311929662294,0.0506018879533046,-0.0497940169238802,0.048991046554307,-0.099047788898507,0.0981037955997302,-0.0971713334217522,-1.211578506389429,1.211074703908194,-1.2105589028542496,-0.4671029967504828,0.4666215453156656,-0.4661337322566977,-0.2832641213076368,0.2838929058259801,-0.2845204133605084,0.2988838470665013,-0.2996144904993447,0.3003545883370083,1.009522041480413,-1.0096914235311367,1.0098622922400178
87,Lee,0.891277732405736,-0.8929723422414456,0.8946194708068214,-0.6847036679675315,0.6852899268661989,-0.6858683124835223,-0.4028701882878849,0.4039427764546923,-0.4050202837111815,-0.5865454513374343,0.5857139826467046,-0.5848899863838437,-0.0479613769346882,0.0469738069908591,-0.0460133561023704,0.7936367228785092,-0.7926996045317942,0.7917484537086945,0.7277706404000821,-0.7266554707834031,0.7255239301316528,0.4586444862972829,-0.4591746142597089,0.45969946391901,-1.0160598738122386,1.0144012156288458,-1.01276787184476,-1.7503499897017,1.7513190736941335,-1.7522930121347924
88,Liberty,0.9037097426167154,-0.904571180224764,0.9054265445590786,0.6677235051764621,-0.6656211549651496,0.6635238599028056,0.4292246561112296,-0.427995116036803,0.4267656634895196,-0.6788733565392339,0.6786505097946716,-0.6784269738640313,2.1584867293099763,-2.157462797752192,2.156422815677459,-0.2507264599509005,0.2510985195962025,-0.2514763255041436,-0.2552090576380118,0.2552257923155788,-0.2552606849416327,0.5408987970981496,-0.5407553324089832,0.5406051958857794,0.2868762013146403,-0.2885628947917125,0.2902690316626632,0.7039769401972389,-0.7051031628520255,0.7062360104670745
89,Lincoln,1.0418117636848767,-1.0416060274113983,1.0414155460601404,-0.6465733165337164,0.6451677895679752,-0.6437647425054199,5.993031897323289,-5.991799833195682,5.990564894304848,-0.2497737144953023,0.2501167354303505,-0.2504590491507585,2.919332423533373,-2.918875541247833,2.918427908490859,-0.8571646174320758,0.8565838788663379,-0.8560112598988842,-0.385640324457943,0.3851713705038685,-0.3847055666452608,-0.9046077266832772,0.9055661154780188,-0.906519022498631,-0.4423198835034118,0.4407439026397164,-0.4391838693946872,-1.0766944588613008,1.0761606939963484,-1.0756216393533606
90,Long,1.5505241876653078,-1.5476754628158789,1.5448450288227311,-1.4882324422346247,1.4895547364452346,-1.4908717480614082,-0.4615492734171276,0.4610142730652318,-0.4604790096838432,-1.8540247713119613,1.8536220744099712,-1.853221724544136,1.760249366481199,-1.758017641553197,1.7557990460794908,0.1173843944815211,-0.1169719258392799,0.1165572109432322,0.3170332197425502,-0.3172562365939889,0.3174683194844256,-0.2420092741509616,0.2430645923193033,-0.2441305969712751,1.0887051492619697,-1.0892313570614467,1.0897416664332296,0.3880557980982492,-0.3871503269905318,0.3862339324803804
91,Lowndes,0.8478825956451416,-0.8500785255528278,0.8522917689024736,0.1526275885179678,-0.1517324527282782,0.1508379120686674,-0.2219052667566238,0.2232224388169088,-0.2245396479200608,-0.267098736351581,0.2660981309577612,-0.2651004666288675,0.2830062522102357,-0.2826627272624663,0.2823204938288613,1.5536198983545115,-1.5539684120813662,1.5543117683866647,1.2866718271398057,-1.2866171138109088,1.286552467637421,-0.7984181064394016,0.7986502203820467,-0.7988909647391206,1.053019101432668,-1.0534153650069502,1.0538046180156773,0.1956945974630697,-0.1955678358518734,0.1954391234207504
92,Lumpkin,0.3691924532455514,-0.3675981545929844,0.3659734840613931,-0.9058640988207152,0.9064138907281174,-0.9069556822885648,-0.6106749157228236,0.61038085158856,-0.6100891632149107,0.5178931492356215,-0.5178384832455267,0.5177754131585207,1.0258499764939013,-1.0262935239531246,1.0267487541015017,1.336401723620704,-1.336178463776212,1.3359557979966608,0.3184646881739301,-0.318195476298971,0.3179288366223802,-0.1277644928252957,0.1267306842338045,-0.1256952705747141,-0.2669543334898281,0.2649111608308461,-0.2629026808809633,-0.8478630213120055,0.8499714854049569,-0.8520913049901133
93,Macon,-0.9067210957288132,0.9048545720294432,-0.9029570037168732,0.7006924797514805,-0.7003777249096929,0.7000561196552871,2.437242900081451,-2.436560694996847,2.435885228980386,-0.3602144198585955,0.3624514907788478,-0.3646729905000397,-1.8237425122615123,1.823548423411788,-1.8233434316078645,1.5744832159310995,-1.574713705005073,1.574936896095236,1.8013373378106237,-1.8019034249583936,1.802462837312822,1.4536531226261706,-1.4548586648567754,1.4560618732993351,0.2973861397514819,-0.2998935511970556,0.3024095911383138,-0.8713336896629423,0.8719665550176162,-0.8725972310083663
94,Madison,0.6020733902899359,-0.6024575281798957,0.6028285003992377,-0.289141217872531,0.2894850710403907,-0.289824651914973,0.2146126023546951,-0.2142548037806484,0.2138969621522379,-0.4510751233158598,0.449788895740693,-0.4485104424571302,0.529576881657736,-0.5298323894796855,0.5300957179220236,0.1554577214695701,-0.1558234454926171,0.1561889977569183,0.0680134347114014,-0.0678164972091222,0.0676180262342153,1.1255933428358875,-1.1246625796083909,1.1237345337227873,0.3517889224248331,-0.352499142157679,0.3532052734732022,-0.413125927283436,0.4153877247802978,-0.4176527938532475
95,Marion,-0.2052723522680517,0.2051495259950449,-0.2050002067303726,1.6788066919786029,-1.6790738325565917,1.6793382347403465,-0.5716200752282861,0.5713550244432161,-0.5710889284944058,-1.680754614847221,1.680833899816566,-1.6809092157651602,0.542485704526787,-0.541131103472875,0.5397861677663646,0.1760734102726791,-0.1779982701447691,0.1799107217017721,0.0119188189125786,-0.0135632190950304,0.0151920156905669,0.4788803618839478,-0.4788902371800797,0.4788970436323328,-0.0025552531594539,0.0038553343251416,-0.0051484992437363,0.729507814089341,-0.7279823669147284,0.7264444813611558
96,McDuffie,-2.54324884676157,2.54262646302108,-2.542029740645912,-1.438705645436943,1.4383850273446104,-1.438068411446119,-0.3591735417180242,0.3594729413594691,-0.3597692662397448,-0.8045974845846777,0.8041743095800445,-0.8037415243816329,0.0031308529919165,-0.0036250276371144,0.0041107258960376,-1.7397591701909862,1.739751823933262,-1.739735589424462,-1.297032706291091,1.297653769818953,-1.2982692796814013,0.8399566251880367,-0.8393639934697096,0.8387736796825526,-0.0235399871045928,0.024294183980876,-0.0250394405962088,1.0430158465819206,-1.0429502505684516,1.042874690127163
97,McIntosh,0.1412275370499355,-0.1428164842001007,0.1444284871227755,-0.4352188025383736,0.4344951686340347,-0.4337736756162408,0.532461309736782,-0.5316719199050145,0.5308814452793611,0.0348513924459757,-0.0343649177955153,0.0338771894031012,-0.1127799230742278,0.1134931609463222,-0.1142051476463414,0.064882275334872,-0.0654746280554569,0.0660535141620454,0.6931810580521353,-0.6940395376485946,0.694886002052897,1.3477177205240531,-1.3488709531933891,1.3500217542170123,0.4176009757786967,-0.4184689151063209,0.4193412329813192,1.6692295597107256,-1.6682064961370415,1.66717448885864
98,Meriwether,1.1896879339063815,-1.1920819066653936,1.194515746775593,1.215776957921091,-1.216069398597011,1.2163580550919038,-0.3457570411971291,0.3450570560370723,-0.3443554534349638,0.815046139556778,-0.8152965686372847,0.8155530342370776,0.0403175761993338,-0.0411895924925853,0.0420610299319706,-0.1690109495646348,0.1695467819910493,-0.1700692650092685,-0.8073615247745504,0.8080143057671496,-0.8086563084716006,0.0895410978343921,-0.0909518588719215,0.0923710714798601,0.093321328336985,-0.0930436778543654,0.0927654749488691,-0.0398186957014704,0.0392607075111813,-0.0387034002659863
99,Miller,2.312314587990276,-2.310847024359357,2.3094454428196034,-1.2140696276424014,1.2131920148547046,-1.2123164825468191,-0.4859450415409232,0.4854383203491615,-0.4849315110838065,-0.9803654232445076,0.9793190054786454,-0.9782797216987574,0.4196907347494584,-0.4195058787317671,0.4193206359737158,1.5283485246336836,-1.5257376508690448,1.5231458958054225,1.91133414172857,-1.9102348582857325,1.909159010567797,-3.3243857063506037,3.3241679975180087,-3.323933260720505,-1.0294459777218088,1.0288004865448248,-1.028157200757777,-0.7705167712868285,0.7708192224852938,-0.7711278254932978
100,Mitchell,1.3985042178297198,-1.401394813375625,1.4043530806487992,-0.4699205343172172,0.4699863247273329,-0.4700576755000092,-0.5359690046920692,0.53517622273198,-0.5343786988115908,-0.2021438031388997,0.2010669780719178,-0.1999868347449133,-0.1139370656161943,0.1127520738823601,-0.1115662721446557,-2.737403126332543,2.7365390282843074,-2.7356572619441595,-1.6548898316653156,1.652160274145406,-1.6494208201907006,0.2833660416346651,-0.2846923693950681,0.2860180847582161,-0.4002262993804289,0.4018884620078945,-0.4035303445947777,1.868174566723065,-1.8669722680291423,1.8657684048045784
101,Monroe,1.5771954789012277,-1.5772407766551528,1.5772662483551496,0.5784588823614403,-0.5784784410288286,0.578500753895884,2.3286332937360137,-2.327851537848523,2.3270650009202924,-0.399982358325392,0.3994969079903106,-0.3990170471285076,-0.0113055650842941,0.010423420504413,-0.0095579222758958,-0.3856001009823467,0.3852181175580272,-0.3848339109184959,-0.73647166541501,0.734847597363313,-0.7332231999849763,-1.2321581899254643,1.231223313497908,-1.230283728852284,-0.0443942402250687,0.0428947430985817,-0.0414188207945587,-0.0961764205166783,0.0960567054403119,-0.0959451211082693
103,Morgan,0.6832819464701906,-0.6826937963345888,0.6820803689695557,0.0898532258001204,-0.0909560735463046,0.0920628333255144,-0.4631569623113292,0.4632104265388715,-0.4632695598337243,0.1769410634993791,-0.1778699596827496,0.178791447744744,-0.0746080983294419,0.0749090826901817,-0.0752188095808519,0.2224508317717806,-0.2220933239188908,0.2217435452005595,-0.0531701536124113,0.0536141311160881,-0.0540439091171492,-0.9350458425553326,0.9340811567400192,-0.9331134361579364,0.1049413410939457,-0.1066104618655356,0.108262813150826,-0.0307676425438624,0.030591640572336,-0.0304241138759886
104,Murray,-0.1028609432832414,0.1025863320723798,-0.1023330119708141,-1.19662424247204,1.1972411727947738,-1.1978535565750477,0.7230452577017766,-0.7227481864600859,0.7224528120546592,0.0078169123233347,-0.0072534438065145,0.006696984298735,-1.0256196563101971,1.023917053143916,-1.022199680559182,-1.235964420843768,1.2365646215332078,-1.2371551001404202,0.2827935276363675,-0.2824731739766147,0.2821710422924282,-1.0505072000140818,1.051771232014667,-1.0530320950315677,2.042927120271578,-2.0411352804626013,2.0393629583266355,0.471976821884621,-0.4748382365988038,0.477700599552242
105,Muscogee,0.5741828011696803,-0.5758929531339427,0.5776119963472212,1.007581825248957,-1.0065660202302324,1.005552771952614,-0.2730871229332366,0.2738978484894635,-0.2747089155584702,-0.7096680690661643,0.7083792097868762,-0.7070840194598503,-0.5688632039995094,0.5683322462621045,-0.5678173881482244,-0.9075684871869304,0.905502322620672,-0.9034415825491408,-0.6163393083733208,0.6151441347210186,-0.6139576202738072,0.4740307673166532,-0.4748862710408579,0.4757398311807225,-0.3829896465716939,0.3835341551995864,-0.3840706149952886,0.7884756141933249,-0.7890208281317412,0.7895793608425009
106,Newton,-0.5021676292986219,0.5008100260247106,-0.4994929450912545,0.0714277984455505,-0.0710105876179383,0.0705918625802965,0.4716325253634225,-0.4712444874430295,0.4708530601420333,0.858075190348909,-0.8586234971897327,0.8591711419487904,-0.1112114783437408,0.1105463909681104,-0.1098888657974399,-0.0220048228774755,0.0222180451171073,-0.0224291724581214,-0.0134031278372622,0.0140207183736538,-0.0146415704247945,-0.147482510186763,0.1468834811371279,-0.146287374087364,0.5860914682927776,-0.5860547519785759,0.5860076561711477,-0.0772112735118609,0.0770497158740921,-0.0768836387930621
107,Oconee,1.650311674947481,-1.6502955896051892,1.6502139910400606,-0.08894684775973,0.0884760437795698,-0.0879955295775644,-0.582723336697829,0.5835709046407097,-0.5844306533427664,-0.9527870949748536,0.9513548326890044,-0.9499354310284086,0.6523600179223896,-0.6523467604158892,0.6523014819429452,0.355084839637871,-0.3556068762648701,0.3561107805138026,0.3555449772215378,-0.3558053432549634,0.3560475619482767,-0.3849445145061167,0.3847306009543588,-0.3845279148808569,0.1108498735594324,-0.1132613481482373,0.1156285598365715,0.6852390063838324,-0.684691959297261,0.6841338512474865
108,Oglethorpe,0.5004304445729043,-0.5007581641714853,0.5010618962631367,1.1336272956913027,-1.133199663480628,1.132775209006069,1.7047395116894353,-1.7049280399072635,1.7051138162309272,-0.5628647892770691,0.561723276718772,-0.5605896064552095,1.806760258412166,-1.8077170335821469,1.808685985419913,-0.1192758012293504,0.1187250098471603,-0.1181783094478442,-0.6048009504992132,0.6042337627061444,-0.603674128680683,0.426555450187526,-0.4256771503065485,0.4247949824147758,-0.4851353084685009,0.4832691044938307,-0.4814194906370422,-0.469863636054013,0.4700912959340447,-0.4703156762014455
109,Paulding,0.6521873745358606,-0.6527574095323059,0.6532615076198282,-0.3256408394581246,0.3252930015038837,-0.3249388181402894,-0.0678910250684411,0.0685604286073411,-0.0692358795453862,0.7134296189029428,-0.7143215769803026,0.7152037474235052,-0.0935897754613337,0.0925838791281067,-0.0915998621703676,-0.2029784731683468,0.2040652937458272,-0.2051525792094995,-0.2185067312762042,0.2193603775161148,-0.2202197137300855,-0.0784070777255059,0.0788333811260858,-0.0792681722142119,0.5543881394516632,-0.5559465868083853,0.557475343113839,0.4748571307645063,-0.4748051465952702,0.4747430615984744
110,Peach,1.0742016132918557,-1.0744567477714817,1.0747373546054246,-1.1101123918977238,1.110269822703628,-1.110429284471354,-0.248423678535396,0.2488296490180029,-0.2492362962766387,-0.3883211332136378,0.3891231003565241,-0.3899193379026676,0.3406585309921908,-0.3411161481539632,0.3415769473840561,0.1485509839607677,-0.1480497526574513,0.1475494236443236,-0.9480785812410149,0.9483268069166996,-0.9485763904185898,0.6113012155525446,-0.6115960469954383,0.6118925038509136,1.3401135340361907,-1.3402129378947614,1.340298744730587,0.0461686499642625,-0.0451451359156513,0.044135571532312
111,Pickens,0.7614243564124406,-0.7604901781632571,0.7595310586788689,0.6085400552926241,-0.6100817770399417,0.6116303121355791,1.0013829384551332,-1.0006371489842192,0.999885749203359,0.0534294657993982,-0.0537559312519064,0.0540742404219517,-0.0008648229836049,5.123802521587508e-05,0.0007592486263358,-0.7259327044959951,0.7272577632360797,-0.7285712325306369,-1.3000587132621144,1.302054806755003,-1.3040288685604675,1.02704295076565,-1.026439422267147,1.0258366597038269,0.6369007538129808,-0.6373723756457124,0.6378414458004928,0.2664742786854697,-0.2671753223602424,0.2678696307303163
112,Pierce,0.4865889502230648,-0.4857200872356457,0.4848512864956462,0.4874988024766471,-0.4872257854611129,0.4869560523583867,1.200912809153572,-1.2021260400222886,1.2033380624341916,-0.5450142614433358,0.5453002911710267,-0.5455904146209604,-0.428047374644676,0.428230890150679,-0.4284101287478249,0.3298619976594631,-0.3300317262118775,0.3302142707167477,0.6314759318222928,-0.6319643892608362,0.6324640625550122,0.2760234580629069,-0.2756879117532309,0.2753541548328873,0.8737474019671693,-0.8729198772828347,0.87211218984309,0.0009865816367054,-0.0023866698309768,0.0037842317592859
113,Pike,0.8488597840074482,-0.8483479652712667,0.8477888214506981,-2.543248880290018,2.542848865255062,-2.5424405882230494,-0.4196605393669919,0.4192244545190891,-0.4187930009290688,-0.0269223308503419,0.0270288777567331,-0.0271417956734378,0.8015702939542236,-0.8013988632650877,0.8012173262849941,0.2829325917784617,-0.2825844289133377,0.2822316697234943,-0.0750668866039131,0.0759394036587738,-0.0768155391581314,0.2496107074702005,-0.2488450168803602,0.2480769454556497,0.3179450098466171,-0.3190633240501068,0.3201619165530361,-0.1527517597529941,0.1524694621050256,-0.1522007181527022
114,Polk,-0.3248491988072743,0.3248082200906138,-0.324778597830571,-1.000496009487652,1.0004804776948315,-1.0004632842307923,0.3795403897034943,-0.3795299201707855,0.3795195518342132,-0.2356254024335429,0.2353529389977168,-0.2350819843165657,-0.2809674833494322,0.2810029144345868,-0.2810296808888289,0.8109519508442371,-0.8092290866300259,0.8075282716449211,1.449658729144596,-1.4482176090592866,1.4468103155330625,-0.079267241473562,0.0785871572439407,-0.0778992756898474,0.7281810392510514,-0.7261693174987185,0.7241796579752291,-0.5569490155970809,0.5556868116479842,-0.5544119691400807
115,Pulaski,-0.961878590631706,0.959430059456964,-0.9569923686553736,0.1623192156622298,-0.16276520022353,0.1632069104450789,-0.0624103142157383,0.0614291176072672,-0.0604483191105316,-1.3215034196673652,1.3221982549599909,-1.322892192463196,-0.9347337569520252,0.9354622806399198,-0.9361938284018396,0.7441750313219267,-0.7447509360850005,0.7453227328324077,0.1280885771051205,-0.1296289069697781,0.1311735461531581,0.2043652276257677,-0.2044476839388581,0.204524936226772,0.7635416539816978,-0.7643846742953063,0.7652270362713033,-2.7116665813705625,2.71017439447571,-2.70866461648835
116,Putnam,-0.4615267020126694,0.4615968018847577,-0.4616681893278664,0.2053973669825447,-0.2059058542491751,0.2064138042702564,0.5926922375211566,-0.5931362823515192,0.5935761603142595,-0.60944817910203,0.6101299402694081,-0.6108062235314933,-0.2379379467591555,0.2378829310119221,-0.2378218504871455,-0.5614327674716771,0.5630912536029189,-0.5647444328797578,-0.6102783435351996,0.6109850166351516,-0.6116758727766198,0.467352957021266,-0.467001237590855,0.4666517693571025,-0.149815356488428,0.1500823723280456,-0.1503507982558845,-1.0227657218899808,1.0237115810365642,-1.0246480902909822
117,Quitman,-1.2046355598120089,1.2037627466099028,-1.2028532786997146,1.6813330651859282,-1.682628712760053,1.6839140810305546,-0.0360914253081105,0.0353597389559439,-0.0346257403838547,0.7518827283998641,-0.7519795648973536,0.7520801731407514,0.7510183791705436,-0.7521603473005035,0.7533147732662747,0.4395894811133975,-0.4410109188987938,0.4424014825419722,0.6903711344227189,-0.6910849279459623,0.691758751481688,-3.965409976443656,3.9651018702007033,-3.964783737360521,0.342744046458243,-0.3419056297895455,0.3410888553328636,0.1789862112425777,-0.1744506838547884,0.1699149434605686
118,Rabun,-0.9445537002457955,0.9462580666933432,-0.9479864740469868,0.1885584812911964,-0.1898802822448265,0.1912023015167245,0.0896799687321737,-0.0902539964439241,0.0908251279003196,0.2133088050811677,-0.2117931535243814,0.2102763065685301,-0.1265545914954089,0.1274124284608793,-0.1282396693125453,-0.167532181777235,0.1661216871027878,-0.1647019663226245,1.13524230539022,-1.1367372631379469,1.1382534762765164,0.895124832753586,-0.8954329711172888,0.8957516675269287,0.9630041339482244,-0.963676884626692,0.9643412543984208,-0.3931726280071926,0.3931547638762229,-0.3931476626671238
119,Randolph,-1.8917392921039893,1.88998411796107,-1.888201825356376,-0.5518129439839199,0.5512362664664633,-0.5506726378568623,-0.7852427908211091,0.7838350067726697,-0.7824202778846214,-0.5895068781367014,0.5911257582415111,-0.5927335359326878,0.1622248759307513,-0.1630735269144907,0.1639185378614486,-1.5670198193735905,1.5686504156711638,-1.5702910979177809,-1.2336312012505024,1.2357599908217574,-1.2379040385864934,-0.2854282301768078,0.2867456833745017,-0.2880664363103837,-0.7847009883827611,0.7838498453838236,-0.7830016235551142,-1.1152113770591698,1.1147117527226025,-1.1142157926324243
120,Richmond,0.9622874844187304,-0.9621998738794584,0.9621636770634742,1.0213929678869946,-1.0204683869925295,1.019544183945979,-0.463832713047974,0.4646211866129296,-0.4654077983546204,-0.2029947682027766,0.2021011188804898,-0.2012018755518896,0.6315385043591326,-0.6318470713648121,0.6321459143966929,-0.7746140602983261,0.7759023205298299,-0.7771889032968522,0.1039319771498946,-0.1023014645716694,0.1006627291341452,0.313253997137363,-0.3139599525523564,0.314668938895491,0.131647497586695,-0.1316228733281255,0.1316041159358746,0.1735393945968312,-0.1729181459092686,0.1723046936425249
121,Rockdale,0.1707375030944562,-0.1715550319903184,0.1723467595380404,1.0222468609247914,-1.0220659401722998,1.0218804185060986,-0.7893951313043162,0.7892744848270269,-0.7891590138104733,0.8966817515522386,-0.8977784793541651,0.8988741385960831,-0.3359141673444813,0.3366241720546537,-0.3373365546887708,-0.5742145554734909,0.5734536810712672,-0.5726994643624498,-0.6328989058510123,0.6333594648542816,-0.6338327856204118,0.1245786533639718,-0.1245385960169166,0.1244927099967752,0.1275626365816773,-0.1283096944631003,0.1290370028834158,0.0722585380703922,-0.0712757650558377,0.070294189289447
122,Schley,-0.1844881974546671,0.1839264445572672,-0.1833860605602461,1.1407706014594186,-1.1407706419063688,1.140772119158955,-0.8860449056575744,0.8858700641284327,-0.8856954880379354,0.7758474152950874,-0.774755279073024,0.7736609867323172,-0.9148291124808476,0.9155939044726988,-0.9163626906269668,1.5899421099849635,-1.5908698768305063,1.591788962416702,1.3804867618077192,-1.3811769103621006,1.3818607421098932,2.5090338476928067,-2.5093162508583893,2.509594768361071,1.412943761268558,-1.411080408440741,1.4092035304340251,0.0482660887383755,-0.0483578868028368,0.0484403953296069
123,Screven,-2.950181052153971,2.948727765402488,-2.947294978202227,-0.262741234655225,0.2622817230247967,-0.2618262431695622,-0.8060462851911935,0.8058695214168111,-0.8056892152608516,0.8563056962217855,-0.8565841404138336,0.8568706222135375,-0.4823913704019271,0.4823509098277466,-0.4823143789924694,-1.2540151901882663,1.2534257088623977,-1.2528278951648462,-2.085565003121557,2.083443662385528,-2.0813191277892105,-0.7462997645939659,0.7467951063687427,-0.747288322919053,-0.8304291344781102,0.8287898017142477,-0.8271409141429478,-0.7622768674357765,0.7615543220715678,-0.7608307875096895
124,Seminole,-0.5023504120513403,0.5022914176250098,-0.5021947135036969,-0.6747287872517963,0.6739009396184886,-0.673077419030463,-0.7165898717861654,0.7156975330644317,-0.7148052745334517,-1.792313491890161,1.7934099964832793,-1.7944992467314658,-0.3951589145608219,0.3948090451911524,-0.39446205738787,-0.6586221865684155,0.657910329873351,-0.6571920148155216,-0.7754625910545433,0.7744353740555031,-0.7734048747843386,-0.5011661373389086,0.5017836019337656,-0.5023895506999774,-1.1332452642760815,1.133361016832123,-1.1334574490847311,-0.1686164697405593,0.1684780638719434,-0.168342943452362
125,Spalding,-0.4516140816908921,0.4512406808804403,-0.4508611159425147,0.1845919706186545,-0.1848882898436947,0.1851826424702929,-0.1742319955880844,0.1741129631442395,-0.1739930276707061,0.5938299149875876,-0.5934917146337463,0.5931577950555138,0.0738300597329801,-0.0744613351809362,0.0750887484925958,0.6552533641345789,-0.6539844701442128,0.6527226939993831,-0.0836917778212288,0.0847778681082798,-0.0858570933091652,-0.0084508131206475,0.0081799259077212,-0.0079076558923609,0.0592975963147727,-0.0581939413652643,0.0571063105823922,-0.1044587243265689,0.103429252972114,-0.1023859867368258
126,Stephens,-0.2691545637466703,0.2703941560761013,-0.2716438220561054,-0.6506788100293751,0.6497387135772834,-0.6487964919520088,-0.062595752228777,0.0625424951964417,-0.0624906197222796,0.1524475852984479,-0.1533824193954583,0.1543160884027989,0.4560341751325166,-0.4562090443437051,0.4563793036420789,0.5740349994155362,-0.5743806642037547,0.5747423850501713,-0.3703949641211309,0.3701849880630789,-0.3699502674791287,-0.0855603256955542,0.0855986251755599,-0.085624561255066,0.3105030184196765,-0.3113642668486449,0.3122254569228256,-0.4983831566359971,0.4985523269625831,-0.4987228322914269
127,Stewart,-1.2705992236989287,1.272765892803885,-1.2749004321806203,1.0861503638264778,-1.085896927081991,1.0856381416328793,-2.41771633623014,2.418711638860826,-2.4196972792192515,-0.6808104197046673,0.6817069691155284,-0.6826001162398834,-0.3607495146857909,0.359215266592482,-0.357676664976324,0.1647962945308896,-0.1666575353745091,0.1685016779760728,1.4977261365257883,-1.4980574618136455,1.498375721817644,-2.6054251551915097,2.606090690994536,-2.606751120849375,-2.78839291849819,2.791156848957273,-2.7938973439056167,2.7822040971587203,-2.781388339140925,2.780556054353565
128,Sumter,-1.2744284928130445,1.2751327704634257,-1.2758010220026252,1.5799001949555669,-1.5801955950607234,1.5804843841654252,-0.4140206855716892,0.4144102327909786,-0.4147964841037693,0.2775226871885103,-0.2768773143096998,0.2762421748760479,-0.7876541603247701,0.7875493575354627,-0.7874469845358356,0.8874293939316821,-0.8877086328630448,0.88798525163124,0.5668501320377848,-0.5665719796284908,0.5662954732241067,-0.5681006972707008,0.5669730066804705,-0.5658497846205405,-0.0977883255229999,0.098218965052366,-0.0986454106702407,-0.1465995253495968,0.1476820780644901,-0.1487396713038875
129,Talbot,0.2048673269218982,-0.2070505993451496,0.209270925278548,1.1550239518516343,-1.1552474584372163,1.155463127537459,-0.790130484587631,0.7893133903181465,-0.7884945364363796,-1.3061086513576308,1.305450647634945,-1.304786786543176,-0.7856202624986707,0.7855008395100809,-0.78538509986039,-0.7518692417750849,0.7510974097398259,-0.7503251487941264,-1.1840181461254276,1.1831120005031452,-1.1822127326689176,3.2326989417774614,-3.230942086055112,3.229187323235389,-2.389915178971619,2.392703146195652,-2.395495570337141,0.4978463219929749,-0.4971729335580419,0.4964873858259077
131,Tattnall,-0.4320919057477453,0.4320294792915135,-0.4319487387095668,0.4437957620578942,-0.4429851044093508,0.4421763312229718,-0.4075031196305654,0.4085861830351187,-0.4096630274156198,-0.7164301556743474,0.7170870905496514,-0.7177461930604635,0.9877283733150344,-0.9857733058615236,0.983839071602815,-0.3265273055358634,0.3258384701768134,-0.3251484580430941,0.8091316304834162,-0.8121042367438985,0.8150851185006501,0.4229719188719304,-0.4230054686373629,0.4230415579007389,-0.0129435966497711,0.0158100967526716,-0.0186554739700089,0.1856841122526365,-0.1855703509034076,0.1854442173987739
132,Taylor,-0.268689796307865,0.2679268087371122,-0.2671408760514541,1.376849012344059,-1.376885241065397,1.376915514242124,-0.2001021999336266,0.1992678485939135,-0.1984276033193755,-0.4610306375740453,0.4621774341315199,-0.4633116922394371,-0.1726065715232605,0.1729093193073118,-0.1732132053784755,0.4883302912114485,-0.4883244168326247,0.4883203939783045,0.4191264399902806,-0.4198094997501858,0.4205011942522164,-0.1935252662755582,0.1923250762566393,-0.1911184344690885,-0.6714322763531587,0.6714376390919331,-0.67143939671056,-0.6036286716814947,0.6039349540942481,-0.6042481334598171
133,Telfair,-0.6311197375694816,0.631516082776431,-0.6318795884808541,-0.403172283112354,0.4028826151964159,-0.4025969681936114,-0.7570672759702137,0.7576836222582691,-0.7582920207079741,2.251458329252911,-2.25167962223782,2.2519186627280754,-1.2080135971805177,1.2079257948427042,-1.2078412255688524,0.2416122291738244,-0.2431188768062366,0.2446181730394479,0.7802581114412528,-0.7815523604851143,0.782842674007747,0.7661354465173829,-0.766315610726326,0.76648983746735,1.3395066817773458,-1.3390533846808124,1.3386173539983155,1.1687607224595904,-1.1685294181158383,1.1682914188432858
134,Terrell,-1.7957650223224482,1.7933701573283398,-1.7909381681083687,0.9726349665772742,-0.9728749996255888,0.9731055220152206,-0.3320539531808724,0.3316099034889781,-0.3311597365625494,0.4246076060502958,-0.4262767583862275,0.4279517886026259,-0.5114185810410963,0.5104628253919046,-0.5095083032406031,0.7523592462854691,-0.7515538196488466,0.7507364755143351,0.7198422871600042,-0.719434701554559,0.7190120940285144,-0.0720249962304925,0.0711071172325662,-0.0701938053627511,-2.1137757979711997,2.11676780522909,-2.119736102109421,-0.1412023874105552,0.1418971793271473,-0.1425865378682376
135,Thomas,1.0423340763476991,-1.0414151324365586,1.0405149568735583,-0.1121502859867179,0.112492113836038,-0.1128366208181783,-0.5447083052416269,0.54531314455834,-0.5459178710922946,-1.1571641281852556,1.1563912962603362,-1.1556158054268857,-1.0488507886114953,1.0484151561406023,-1.047986208156081,-0.9271800536837485,0.927532594350994,-0.9278841964499306,-0.7021689949219541,0.7020543843273909,-0.7019434651612032,-0.5796776364671261,0.5799054280066782,-0.5801389930450485,-0.8241892743540014,0.824780754608763,-0.8253643844716025,-0.6035604734081964,0.6040311480513585,-0.60450320254825
136,Tift,-1.6138080800726675,1.6136618585522586,-1.6135220524762377,-0.4876337585058425,0.4865969957467385,-0.4855631156453914,-0.5285293689470211,0.5284582710312765,-0.5283867520893724,0.6772835487273291,-0.6770153022481018,0.6767418703757961,0.0805619333266531,-0.0797351459400383,0.0789235351902305,1.9482710766258984,-1.9469294998177693,1.9455904738673728,2.3230086833599715,-2.322448665465737,2.321892724209518,-0.7709203648262153,0.7714693244136442,-0.7720224364951713,1.067752960157862,-1.0673477993818163,1.0669530868292658,0.3013327525083483,-0.3006182200910198,0.2999196164073227
137,Toombs,0.3486795589169168,-0.3478515528245595,0.3470611062965349,0.4057415680888802,-0.405841707205466,0.4059394256110518,0.2117461443525266,-0.2121620655903866,0.2125795548335387,-1.5007152466452889,1.5015547721431994,-1.502383391623716,1.2094810891538033,-1.209537414884476,1.2096056857172008,2.4364818239500194,-2.436110500688044,2.435745202320639,1.097479533154747,-1.0968318588866397,1.0962026437777188,0.3884831918248075,-0.3882732778055793,0.3880665316771504,-1.0955444666488887,1.0967532006185103,-1.0979392995265302,0.9399908847856108,-0.939936956525206,0.9398892339805685
138,Towns,-0.0449631324640353,0.0466207703785031,-0.0482976470774082,0.5493959219009625,-0.5515728906125291,0.5537519640978548,-0.1329308460732139,0.1324778730457467,-0.1320323057488257,-1.547854297065713,1.5473911960413984,-1.5469215280149624,0.9419644928003252,-0.9410175170367712,0.9400802719551024,-0.7585810103134095,0.7604981294450124,-0.7624157061765181,-0.7394852278154148,0.7407875091827846,-0.7420626266276031,-1.0947330377002498,1.0962895592735016,-1.09783193625086,-0.2397323906837036,0.2373766758146153,-0.2350521480018811,0.3306856122671117,-0.3325155460442063,0.3343416063137124
139,Treutlen,0.4292396424715905,-0.4286513520945793,0.4281141532420666,-0.8978015973561895,0.8985859040888736,-0.8993705197650459,1.5768882932717017,-1.5782628314577882,1.5796384195394282,-1.0109210810588412,1.0133922348835491,-1.015851127139451,1.877278163618185,-1.8781941374384117,1.879113255980008,0.4229721921745333,-0.4234316901788321,0.4238905963832977,-0.1255130101423901,0.1248574274195015,-0.124200867766417,0.7262697999446579,-0.7253645319250756,0.7244501128919202,-0.7792144454354192,0.7806400655751935,-0.7820606154286569,-0.1941429356000464,0.1950177782751221,-0.195902152126911
140,Troup,0.1889778371319004,-0.1887690905996156,0.1885573689283766,-0.1816854846282517,0.1815317883211397,-0.1813786499060589,-0.6331212078660405,0.6325794407980926,-0.6320378189221908,1.276244414719775,-1.2773516148094788,1.2784538317516996,0.431845581208497,-0.4325239325957034,0.4331925304844161,0.2740465868438048,-0.2713684286340797,0.2687064000402265,0.1120034816080809,-0.1094343588776964,0.1068765835373132,-0.1862853574496905,0.1861731595126516,-0.1860623259699571,0.4000126966420937,-0.399380146660077,0.3987587094269376,0.464449188917982,-0.4647612282493503,0.4650732208486759
141,Turner,-0.5909843954623549,0.5902923207944657,-0.5895518873379889,-0.1314160736673349,0.1316808625980094,-0.1319500377630433,0.0433612277010716,-0.0442887031374126,0.0452187503558536,1.9880958045524504,-1.9901541924197792,1.9922113302346645,-1.3589773161725542,1.3606160233631257,-1.3622459547361585,0.9306204788378136,-0.9295788517042972,0.9285388487345516,0.3581482356337477,-0.3566594449916316,0.3551723714373456,-0.6480119786369393,0.6489863940463184,-0.6499570684802655,-0.3260027909332534,0.3277020310731249,-0.3293736622983054,-2.0094596734208228,2.00280564913925,-1.9961064729658375
142,Twiggs,-0.470687746683856,0.4693333051001295,-0.467972315884567,-1.5639692502527405,1.562286801733005,-1.560610457581553,-1.7019168042274635,1.702167349158356,-1.7024120273651615,-1.5523292659351158,1.553701009986144,-1.555056448417138,-0.4684277602310679,0.4678342971176671,-0.4672429036457106,-0.7369657361041836,0.7363494459595329,-0.7357306598148676,-0.873391110907876,0.8742297082103392,-0.8750666175120076,0.6991419806378415,-0.6998461070703955,0.700559277128572,0.6707103265796096,-0.6717627037630114,0.6728074502148583,0.4470802288137903,-0.4479482088049919,0.4488086631699416
143,Union,0.0341492312443565,-0.0325594345347308,0.0309542217737255,0.173712536779287,-0.1759241956816475,0.1781372647464751,0.6110992117620058,-0.6122192778213632,0.613331540838518,-0.3345745911525703,0.3339462317228545,-0.3333262417626603,0.3099806768054202,-0.3092426862591189,0.308514732633609,-0.3806873547600161,0.3813994154869585,-0.3821058368753624,-0.881544643576862,0.8825034438993843,-0.883439275848567,0.0524223108931407,-0.0517107046805976,0.0510057390516063,-0.5683508694815909,0.5681941545210544,-0.5680527825950725,-0.7753611654759107,0.7747789315018466,-0.7742061807325387
144,Upson,-1.4825313793089028,1.4813748316219886,-1.4802348190084145,1.1684475681712945,-1.1686695329452932,1.168890554819391,1.0891939345147992,-1.0890777872514572,1.088962927768421,0.1389184206261746,-0.1382765175777795,0.1376365598429704,-0.8217362316313089,0.8221429442696117,-0.8225613688081806,0.2566450636880953,-0.2553626116150405,0.2541018144241835,-0.949027287329618,0.95055888986422,-0.9520604830939414,-0.3032897282596572,0.30391666152798,-0.3045476409140829,-0.5861227792877566,0.5855100383697803,-0.584882677862568,0.7782752701536976,-0.779862707657445,0.7814502350593903
145,Walker,-0.3519723262787084,0.3523187869906355,-0.3526968701945921,-0.1813955240438227,0.1803346900036456,-0.1792714586394499,0.6949993455432893,-0.6946898138162437,0.694380268749158,-0.4718543785968555,0.4713323561985508,-0.4708153952327386,-0.5003660614848487,0.4997476671621944,-0.4991390586935962,0.7162171743780574,-0.7159597527860672,0.7156905185212373,1.4039322843759388,-1.4030540826394973,1.4021610002376106,0.6208452575768848,-0.6208224382105588,0.6207978083534031,0.9762040361970432,-0.9766860913022029,0.9771783359640008,0.717609234102539,-0.7190958172072994,0.7205933317528593
146,Walton,0.5232613021317727,-0.5229881897505754,0.5226760422846561,-0.0946496929031193,0.0943362606020947,-0.0940201121187764,-0.1944154046487008,0.1942113191451525,-0.1940110022646855,0.5424213376716115,-0.5431967097240977,0.5439637910965518,0.1277255839212961,-0.1278848458721584,0.1280326891443123,0.3130940951013489,-0.3118400220576779,0.3105937446047795,-0.6546163402895956,0.6557889984620643,-0.6569565758130709,-0.1604456161926871,0.160254311638879,-0.1600651785296693,0.2553354335794249,-0.2560048324157088,0.2566617673797136,-0.3789998241558024,0.3786367849545064,-0.3782749420338592
147,Ware,-0.9359561972647892,0.9329748867901207,-0.9299746862240438,-0.0148686481404894,0.0147894857213214,-0.01471302646379,0.4518218141433164,-0.4521392164754133,0.4524595982012517,0.2998421455329918,-0.2992158220694136,0.2985873763679533,0.4157367224654697,-0.4155369115650035,0.4153356421252626,-0.2629558027614119,0.2627194507759234,-0.2624623258846347,0.1449446247046225,-0.1445702952270149,0.1442138885444664,-1.2441568203392088,1.244105208898546,-1.244047873574231,-1.3733716175184305,1.3736485053194951,-1.373888387468362,0.7754541829283785,-0.7768692516354397,0.7782918575734267
148,Warren,-0.8009658567398156,0.7983946614354274,-0.7957868633195688,1.3669151805156048,-1.3674311568201791,1.3679379653518098,-0.296160490218867,0.295079335202647,-0.2939945041647642,2.406797533328868,-2.404938486170493,2.40308254384383,-9.492570281618248e-05,0.0002641841674327,-0.0004386881435761,-1.636158873197467,1.6349003440794998,-1.6336365316015,-0.7619382592552112,0.7612637213797352,-0.7605874976903221,-0.1942817292821143,0.190518670623368,-0.1867373680229761,0.2019631790171173,-0.2003643410908985,0.1987649555911642,-0.8950775375996274,0.8980783220462748,-0.9010736532253704
149,Washington,-1.408458572404054,1.4074218068528097,-1.406386487256832,0.6293919078469505,-0.6292217101344894,0.6290472576957962,1.2034840151459172,-1.203432997249235,1.203384422035143,1.9095494389725007,-1.9094915582296064,1.9094334900422063,0.3117984238360413,-0.3116881422624853,0.3115693416098689,0.5250433046220402,-0.5270566884514383,0.5290638052683696,-1.6642583828061446,1.6621403590285535,-1.66002938270077,0.1788488126545835,-0.1793134008368129,0.1797741955794686,-1.3367605292984508,1.3349878839952527,-1.3332092423797444,0.2956286400307266,-0.2951508777168096,0.2946711025185667
150,Wayne,1.2450996035735085,-1.2450096673838629,1.244948754362064,-1.1173894244375249,1.1172502490160572,-1.117109738472056,0.2813661850331048,-0.2814039847090958,0.281443482524453,-0.1488640513514909,0.1502176868746378,-0.1515684166483065,0.1817095553596602,-0.1816450111851477,0.181579436650417,0.9345897225544022,-0.9321517702400718,0.9297292261019776,-0.6264787547649687,0.6261803518139832,-0.6258664659526474,-0.03314854019409,0.0330851173534045,-0.0330132855841911,-1.003489951404496,1.0051707529403755,-1.0068284888728998,0.8680379007178984,-0.8674483824417312,0.866875826750294
151,Webster,0.0032759273817293,-0.0045016340370136,0.0057377169755996,0.9185708469212874,-0.9189964078574114,0.9194172290838508,-0.2833768322388304,0.2828321444070928,-0.282286962958272,-2.2357334401896654,2.23593261582352,-2.236120492533822,0.8334429079382132,-0.8312664648515962,0.8290947964503959,-0.3063095031033973,0.3046271193518364,-0.3029603923106975,0.1636418544045885,-0.1655601437527271,0.1674627060219563,-0.1109748663769092,0.1122779285075831,-0.1135628161710057,2.8570125893295133,-2.85763189278441,2.8582396624226307,-0.5691505186397218,0.5683851753439868,-0.5676320519798032
152,Wheeler,-0.830621396919686,0.8307774091077977,-0.8309098503446041,-0.502463895986699,0.5031586834532802,-0.5038527080050076,-0.5662422185116078,0.5657960115539301,-0.5653407918257317,-2.9049776810158403,2.90568368964494,-2.906366318650603,1.3258777273225295,-1.3237026654306177,1.3215312480653796,0.6539429445601364,-0.6545718379477178,0.6551892684929485,0.8797692392054637,-0.880947711670242,0.8821184797122329,1.4161641942083347,-1.415459825924691,1.4147478596974494,-0.1910654164851639,0.1932443380347644,-0.1954017801534088,-0.539336122397659,0.5396127062602034,-0.5399036501874264
153,White,0.4199611019421458,-0.4186439783375484,0.4173070805454312,-0.8654877012026574,0.8637447470904105,-0.861996208857327,-0.1285497703318568,0.1281965893613139,-0.1278479357105345,0.2887071989941363,-0.2887275810969053,0.288737579895565,2.1795911536605934,-2.1795512310763474,2.1795186620625904,-0.4347699933182327,0.435316846631431,-0.4358686834045038,-0.1344700765934028,0.1347880122296565,-0.1351074117668665,-0.0628570143675452,0.0634081779766064,-0.0639591511188218,1.3213187124142995,-1.3226065451239055,1.323878201777693,0.1585409572313194,-0.1582414497595414,0.1579340947729004
154,Whitfield,-0.0631847525200508,0.0642811443529034,-0.0654088460294309,-0.901680844879215,0.9021671543271984,-0.9026548064151158,0.0514748469442716,-0.0511007590752625,0.0507254046797619,0.6890632172503003,-0.6891853278095964,0.6893081371892501,0.1211271215938636,-0.1218183937298145,0.1225396526020483,-0.5403984774631165,0.5415457414254697,-0.5426977181227772,-0.595822735039243,0.5972240187145262,-0.5986292789974398,0.0429651315242658,-0.0423739900586351,0.0417737993077613,2.632170474481009,-2.629592508362262,2.627030882817472,0.572320361358442,-0.5723770676143023,0.5724303779469716
155,Wilcox,0.2162710563439191,-0.2168045626202487,0.2173762298384326,-1.603255632986495,1.6027391055854976,-1.60222250593329,0.5773497896736127,-0.5777228770677312,0.5780990804632375,-0.128299475340834,0.1296860900052384,-0.1310666224655356,-0.5856861107549668,0.5869051759539324,-0.5881250230572933,-0.6433020792073824,0.6431307284216216,-0.6429630189555687,-0.3193527862989996,0.3185514455551871,-0.3177451379204527,1.3447073613503826,-1.3429678276529686,1.341229786819494,-0.2672507770889544,0.2660166463461445,-0.2647615917109771,-0.4941752170124838,0.4935587219514997,-0.4929463407050682
156,Wilkes,0.5684217194825822,-0.5684973831628914,0.5686061026540481,0.9713383570295292,-0.9715819106135236,0.9718186874645536,-0.2537519977389739,0.2529113102765125,-0.2520690138108045,0.0917607189428144,-0.0915427493635165,0.0913286538437412,-0.0534134570703678,0.0517099723198206,-0.0500023744353415,-1.1061371277895242,1.1075046479960922,-1.1088760535904651,-0.4075448958293697,0.4089032606051687,-0.4102528019336679,-2.6770468028412573,2.677563979709132,-2.678074623031234,0.2003504858904238,-0.2011345278244704,0.2019142377424482,-0.3088536601531142,0.310434956480815,-0.3120128346795433
157,Wilkinson,0.6048784657983554,-0.6078939108281429,0.610933804969371,-1.3703548902376086,1.369657002987646,-1.3689637159957833,-0.1066142034205101,0.1057296504734422,-0.1048436803058472,-0.1998050804555657,0.2001691669687322,-0.2005323034618636,1.201895658978469,-1.202061392542617,1.202219300602794,0.0326674451526128,-0.0341124366936542,0.0355600683833291,1.0731637828070155,-1.0730445011083491,1.072930904512727,-0.4950911457570478,0.4944846269747011,-0.4938755026971759,0.6095460212323803,-0.6103823317595107,0.6112227739582179,-0.2006934279184954,0.2004226074003632,-0.2001604854999293
158,Worth,0.8231789476280784,-0.8242127827532204,0.8252740855323578,-0.4212079676125676,0.4205230187239522,-0.4198389419374366,0.5878305151637581,-0.587664810985588,0.587500062396279,0.1617395785233623,-0.1621553134165701,0.1625684435048629,-1.581035114296666,1.5810300747071646,-1.5810243359406793,0.8042455525986452,-0.8031538458480693,0.802078181597435,0.001771432932435,-0.00175513020111,0.0017557535056317,0.5006026952845899,-0.5024612822789072,0.5043170940363277,-0.1138950692688894,0.1118933494025029,-0.1098948620037675,-0.4496502095767726,0.4474585820411398,-0.4452649790955543
