County,Pct_Children_in_Poverty_a,Pct_Children_in_Poverty_b,Pct_Children_in_Poverty_c,Pct_Excessive_Drinking_a,Pct_Excessive_Drinking_b,Pct_Excessive_Drinking_c,Pct_Smokers_a,Pct_Smokers_b,Pct_Smokers_c,Pct_Unemployed_a,Pct_Unemployed_b,Pct_Unemployed_c,Pct_Uninsured_a,Pct_Uninsured_b,Pct_Uninsured_c,ER_Visit_Rate-All_Other_Unintentional_Injury_a,ER_Visit_Rate-All_Other_Unintentional_Injury_b,ER_Visit_Rate-All_Other_Unintentional_Injury_c,ER_Visit_Rate-Falls_a,ER_Visit_Rate-Falls_b,ER_Visit_Rate-Falls_c,Injury_Death_Rate_a,Injury_Death_Rate_b,Injury_Death_Rate_c,Teen_Birth_Rate_a,Teen_Birth_Rate_b,Teen_Birth_Rate_c,Violent_Crime_Rate_a,Violent_Crime_Rate_b,Violent_Crime_Rate_c
Appling,-0.28425207450599815,0.2840399263518408,-0.28381677489961366,0.297836274487408,-0.2976491341848641,0.2974606884081703,-0.09609759929732863,0.09606397213134835,-0.0960259299604271,-0.9718456590299552,0.9705699886151501,-0.9692920556022135,0.03356372623701519,-0.03328811034051765,0.033025193368513825,1.0875364927927182,-1.0868071438020843,1.0860822546206943,1.0646124246065698,-1.0639307358915158,1.0632627227936666,2.1683433573966506,-2.168943125237972,2.1695482180890653,-2.481169811494443,2.4799911707006195,-2.4787867362315397,0.6945060334894737,-0.6923761800690083,0.6902445366048264
Atkinson,2.767845456621594,-2.769122554170815,2.7704926411073116,-1.2499109891229965,1.250016741443363,-1.2501261238653019,-0.8931428672103869,0.8937915141392413,-0.8944337001020741,2.253094805506398,-2.255027876357831,2.2569518277285385,-0.74870204141242,0.7477352537344816,-0.746724029035905,-2.7678358132776557,2.767570639579948,-2.7672986381485565,-3.408018725266063,3.407465757287207,-3.4069199884488164,-2.4861314675438257,2.4858626700657482,-2.485583219178758,-0.23860584163864404,0.23704902805579003,-0.23545064732832915,-0.23184517050200437,0.23181789845794895,-0.23178396335336343
Bacon,-0.4904870507903178,0.4921864746070401,-0.4938722374636488,-0.48219148943539625,0.4816968223644009,-0.48120127298149373,-0.3918716495371379,0.39333360504484893,-0.39479313123447934,0.07682169199839019,-0.07673438679018946,0.07664157571061485,-1.722260128314442,1.7219653241625887,-1.7216575591585968,0.5513255755531112,-0.551736846370374,0.5521527341601243,0.2082674336674033,-0.20845899130456003,0.20867392757545075,0.2930631098164511,-0.29523779458718674,0.2974188930937652,-1.2474332456173358,1.2440264971570305,-1.2406006836987493,,,
Baker,0.8306776226126567,-0.828521433205792,0.8264285740068658,0.28460803040047045,-0.2844255072382224,0.28423923037644405,0.5318059424784357,-0.531217040132797,0.5306269092923079,-1.1770854130004853,1.1777306455650631,-1.1783698851191133,0.3258123581711352,-0.32457320415644164,0.3233345741370426,-1.4045550504370683,1.4058511582548758,-1.4071395933575506,1.0003088250111145,-0.9961109588639355,0.9919212997911259,-1.3226826235844058,1.3270974956321344,-1.331517658087446,-1.5975249085619594,1.598742332788188,-1.5999777953454448,-4.088632262873752,4.0846855311743315,-4.080750510966052
Baldwin,-0.38601867852394434,0.38663326029579703,-0.3872387494922063,0.03642606749453219,-0.03704424180292318,0.03766177297361403,-1.5398373156559344,1.5386287398616045,-1.537415328130583,1.6289368117778902,-1.629474035477978,1.630013453160813,0.6431169137460351,-0.642064830746822,0.6410045399690661,1.6345769146668891,-1.632702632447457,1.630827326170211,1.3874807169081558,-1.3864283184181017,1.3853785780754764,-0.7464123785000485,0.7470621637813836,-0.7477178809033187,0.4054976087795976,-0.4044170123252959,0.4033109234800722,1.826586882469113,-1.825139725269332,1.8237105035359704
Banks,0.22728271383281243,-0.22862510662016655,0.22994091143772458,-0.8833495495178976,0.8838687223350497,-0.8843836227358147,2.128441361428603,-2.128291465960646,2.128140786451243,-1.2414640403918717,1.2420446572777637,-1.2426330261015288,1.0397619184271878,-1.038298458266863,1.036849959795705,-1.547549743927141,1.5470496133971317,-1.5465486385212015,-1.5698409741387058,1.569356443936478,-1.5688704214347196,0.09999231367247986,-0.10032945883662855,0.10066947836876165,0.354516092583803,-0.35440069904903754,0.3542772149339668,2.571531564967988,-2.571781061935076,2.572022787544194
Barrow,-0.09512829712725342,0.09449192938731749,-0.09391230627390278,-0.252099701857927,0.25113735716858426,-0.25016898515298486,0.9373723179253359,-0.9382492778371888,0.939123465211745,0.47470936333953234,-0.47404231311200873,0.4733656375138391,0.24346819637106623,-0.2428369042846977,0.24220899727739065,-0.10160894524645073,0.10064166988132031,-0.09967058735601965,-0.2900724395260889,0.2890729790169797,-0.28807388054203836,0.8130665648973765,-0.8133460231441,0.813621961096906,0.23991955755190422,-0.24007189732046907,0.24021198545483718,-0.16999314917622343,0.17019749604305795,-0.1703914046394659
Bartow,0.3101369401130756,-0.3112508022695788,0.3123289696757327,0.49579416699816936,-0.4959858994460642,0.4961828100819369,0.59688833503723,-0.5970022289605017,0.5971144339228192,0.9181339781994707,-0.917395814916346,0.9166512994582456,-0.47337037493640943,0.47439969751308103,-0.47542943879550975,-0.6272579150703332,0.6263338039929505,-0.6254039148929914,0.10170253903968074,-0.10262977723911647,0.1035625334312686,-0.09782481489419376,0.09788222453730427,-0.09793971192362257,1.478717888772617,-1.4796216588175923,1.4805265730077009,-0.09575105386715835,0.09666890253770247,-0.0975794269686652
Ben Hill,-1.9494419048549974,1.9487834121767194,-1.9481155019673442,-0.05197448704739303,0.05250139667323147,-0.05303446619162194,-0.09429522968110661,0.09429484207518303,-0.09428915137691109,0.013891522622351478,-0.015087262431453136,0.01629502803122348,0.19794057900999956,-0.19792797533852485,0.1979145361608512,,,,,,,1.333163385679089,-1.3320120486674585,1.3308578766040116,-0.7945278754378037,0.7917649331061594,-0.7889689609967087,0.8866009015631982,-0.8878089311690965,0.8890219244300464
Berrien,-0.03478880624933122,0.03365842829435895,-0.03251645536664808,-0.3082434759023331,0.3079487290114107,-0.30765391411862836,0.8700852303349162,-0.87046956438755,0.8708590123903459,0.15615641071729913,-0.15676336483420336,0.15737023993030677,-1.532310036307661,1.5333963239724864,-1.53447384402049,1.0115694260201806,-1.0103578636908102,1.0091679147739345,0.6119762634559542,-0.6108767355277831,0.6097960817004976,1.3012786834874746,-1.300557812181105,1.299835215846411,0.15117964595559805,-0.1527034099792558,0.1542484142523869,0.171786876150329,-0.17205281219694543,0.17231376551341718
Bibb,-0.29055620041850144,0.2926753109002137,-0.2947622742695192,0.08097812311725869,-0.0810649046838211,0.0811466195065817,-0.42544081391892136,0.42522338298513357,-0.42500540437822293,0.4578617634609429,-0.4566169105085972,0.45537268891273097,-1.4516565449954704,1.4519499014202548,-1.4522571065300107,-1.1813103553750153,1.182680623561121,-1.1840490244821302,-1.174994492743812,1.175026577236541,-1.1750607825073052,0.3880777506096548,-0.387887804381669,0.38769822826286426,-0.7147696794634517,0.7151207419844988,-0.7154674364811161,0.21254435456395807,-0.21296475817533436,0.2133969563557098
Bleckley,0.5641031554500149,-0.5624148590269528,0.5607321276699411,-0.10112171268707326,0.10118037653008012,-0.10123877168597044,-0.06643100219167558,0.06659819410616499,-0.06676606218296775,-1.2601299790868044,1.2575321840541007,-1.2549194640869088,-0.5633308493364578,0.5637082864660872,-0.5641025184015779,1.4774703447760316,-1.4777918205312797,1.478116202505162,1.3314789268588576,-1.3301405065261358,1.3288196789142885,0.42246858883902944,-0.42337318287905545,0.4242765460251586,0.7242855056958147,-0.7225463823968502,0.7207855358742551,0.5454659896181343,-0.5444241180573431,0.5433819847881487
Brantley,0.06697779776891422,-0.06686698591237375,0.06675876570446865,-1.5931079093174256,1.5934691744286233,-1.593828470984769,-0.42027058458503164,0.4209010235247984,-0.42152510015739525,-0.5899812689717439,0.5887998246539393,-0.5876154002569509,0.7178749568416248,-0.7178026624791418,0.7177428950768798,-0.6261604256486384,0.6257395860859853,-0.6253147841467982,-0.4271814918670553,0.42684629290052045,-0.42650967511113924,0.8396296186857489,-0.8396017534857804,0.8395813743991717,-2.674902962300935,2.6776617668695883,-2.6804159540409818,0.3470962240906145,-0.34727911951191215,0.34745520006534736
Brooks,0.3146398871934906,-0.314440203419462,0.314279257234108,-0.8515719110089377,0.8517376258440366,-0.8519074949469633,-0.36129407244063716,0.3612920103211696,-0.36128808138497315,-0.4609436341001378,0.4614927318240517,-0.4620457318215697,-2.673430304431922,2.673127493465287,-2.6728152960969087,-1.5133619892722077,1.5135572289659176,-1.5137334802426223,-1.054311937554845,1.0545245056635122,-1.054727149160045,0.010358286737753948,-0.010112932241601046,0.009865619272633314,-0.9821018163856008,0.9813173069139158,-0.9805250677693153,1.7947851227502127,-1.7960009384759972,1.797230520620925
Bryan,1.574564480302397,-1.5756513231028457,1.5766951430649898,-0.6461570014617337,0.6457039375108646,-0.6452423713273948,0.3932320061302323,-0.39365920539208404,0.3940788063284225,-0.5263454610332597,0.527163116003831,-0.5279879114565611,0.9993772474479504,-0.998611278420456,0.9978237683264198,-0.1806655406580867,0.18019345533885622,-0.1797342360815551,0.16682298334959558,-0.16788318556223827,0.1689272322109335,0.1052222271382533,-0.10464359892210175,0.10405966202250083,-0.13549289390512295,0.13642480694405654,-0.13737649719784265,0.4238023751942548,-0.4226553157847143,0.4215019404519392
Bulloch,-0.28965561100234083,0.288908535485357,-0.288175426595079,0.5508201137360259,-0.5514813121280641,0.552146271400278,-0.5897937104916519,0.5891323085722372,-0.5884700552397796,0.12483536166373986,-0.12427364489951644,0.12371056412009948,1.110554393565846,-1.1118163230959182,1.1130842878791305,-0.47022605927067346,0.470685541894257,-0.4711470571236176,-0.29557988998563983,0.2962182453710869,-0.2968664748039403,-0.048691651215157256,0.048161938598033235,-0.04764250840332084,0.060486310328017476,-0.05844349568357614,0.05637139840666142,2.0876786255110256,-2.0882171317489355,2.088748155844986
Burke,1.267463489415933,-1.2719544692040026,1.2765106246174158,0.39076714686699715,-0.3905086873528749,0.3902448937491104,-0.685040723853874,0.686531144198622,-0.6880199429334258,-0.899252989008703,0.899047868040757,-0.8988304463567826,-0.7847918158167616,0.7844317303532117,-0.7840819611185524,0.5385504755960684,-0.5380073592516043,0.5374698159437032,1.0423534061393451,-1.0432201272841624,1.0440864620408028,-0.14117090459171416,0.14130797075923923,-0.14143459396585248,-0.011515326421249205,0.009949992684573555,-0.008374864989411871,-0.10641060392941394,0.10470766538445231,-0.10298324452410881
Butts,0.1444284875522197,-0.14234985190871674,0.14026058547477657,1.7912198530556729,-1.7920890918163475,1.7929615843067035,-0.6901739962235265,0.6915077777597339,-0.6928401292782003,0.6440740968552124,-0.6442936659043246,0.6445103033350178,-0.3518766619419986,0.3522233967658655,-0.3525771612831833,0.7444645304334235,-0.7445397607666993,0.7446308767456541,0.29114799915278766,-0.2917287729778896,0.292322483241944,-0.2391405454408275,0.23959093269053322,-0.2400295886052436,-0.03182383408654687,0.0302710689060227,-0.02870739340546218,0.17665524547340053,-0.1760540542721334,0.17545067264315864
Calhoun,0.2497974492350258,-0.24866865645782898,0.24759131101957468,-1.012148047899849,1.012181196076339,-1.0122205764133994,-0.4408155560431356,0.440316021533834,-0.439805251341936,-0.19253482728293478,0.19198461964111008,-0.19143508431460848,-2.0469846894524384,2.0464741737837486,-2.045955676094082,1.9976611473377222,-1.9972335204584768,1.9967988396342626,2.5763252661435976,-2.576174779183368,2.5760207408831852,0.6517080398307988,-0.6506876231878788,0.6496586710073393,0.8182937381751937,-0.8201156076119696,0.8219554835783921,-4.174923499268389,4.182308736387334,-4.189634287398136
Camden,-0.018578196759558577,0.019249077827748512,-0.019965794239363878,-0.13929980442781126,0.13818395253710458,-0.13705922664836312,-0.24712513377229633,0.24609919904406063,-0.24507576159363104,-0.41942219808407294,0.4194365326066912,-0.4194546092641715,1.7441567539877594,-1.7435542287649697,1.742934848976602,-1.0158358072619451,1.015480796781778,-1.0151272710049526,-0.7473491955209861,0.7482335769726501,-0.7491236864966305,-0.0906590444329639,0.09009351958026494,-0.08953663979520826,-0.15237511746484733,0.152223828486316,-0.1520791147941862,0.23709394127224812,-0.2379392750233208,0.23878707442181193
Candler,-1.338842280746592,1.3383760161242755,-1.3378961529497184,-0.4803932282958004,0.48104861686894634,-0.481708590730741,1.0796684561274472,-1.0797024932492807,1.0797414148093738,-0.2155093905935301,0.21478325856557695,-0.21406278418087044,1.5590879050881266,-1.5589581974083668,1.5588541527110196,0.06919251564419493,-0.07037380331321798,0.07156158584475351,-0.7351319491931695,0.7363717328984478,-0.7376018786630953,-0.8325741913359306,0.8329606270095693,-0.8333432046181031,3.315961090200431,-3.3198514555999066,3.323766665475429,-3.872351327651768,3.865870091998467,-3.8594109019236407
Carroll,-0.7228391201414839,0.723478229037217,-0.7241564354708852,-0.40573057899634235,0.4047611686920609,-0.40378741605099,-0.4828711945024933,0.48233927147513966,-0.4818073140131607,-0.017132092058853708,0.017004433111650633,-0.016877684951862246,-0.10534224715317396,0.10506915455760468,-0.10479892669131609,-0.025429851998620544,0.02307155240065711,-0.0207094344171427,-1.072017880254401,1.0701510100280853,-1.068278472205578,-0.07767801081625146,0.077771665701973,-0.07786377371704795,0.09986748293098868,-0.09917915739117829,0.09848204704637276,1.9515580267616948,-1.9525730361435885,1.9535888377251571
Catoosa,1.0324096518166876,-1.0326877606491416,1.032933492402235,0.12958683676396746,-0.1292922552296712,0.12900427477081214,1.2068563787965678,-1.2071498290342015,1.2074372370357978,-0.7350809205506059,0.735975206080611,-0.7368781225903719,-0.8273872306535025,0.8277867554460225,-0.8282066942484858,0.665861267818792,-0.6656191641499422,0.6653544730988258,1.3725524629951273,-1.3728248900250533,1.373070051694876,-1.04814331509523,1.0481852780919512,-1.0482302196223172,-0.31523203220308876,0.3154568548838356,-0.31568979363286714,-0.24860749214934202,0.2492167543118639,-0.2498304641086221
Charlton,0.45423124668727693,-0.45220916021032015,0.45021173451756885,-1.7866327422610504,1.785300936959267,-1.7839664214438553,3.500053625056585,-3.499527899085851,3.499003213485181,-0.24641991922828652,0.24492753233835,-0.24343723474291626,1.9681925812583771,-1.9658626863258815,1.9635336251026805,0.46155053699403265,-0.46213240840952613,0.4627014330163044,1.3434336159570086,-1.3437627163538455,1.3440823783798777,-0.16928582123577768,0.17007489329030645,-0.17086334850202603,-1.8712374740710171,1.8713109600414943,-1.8713776197876302,0.38892184501419197,-0.3884654771228294,0.38800041689192416
Chatham,1.0621291025477178,-1.0628641618546149,1.063600250225419,0.3172411320724735,-0.31794758373823623,0.31866162811512727,-0.7014686684714223,0.7003827753458673,-0.6993013031703058,0.3476280841226367,-0.34582340671940065,0.3440149971522934,0.0772155155604699,-0.07767786208947894,0.07813678619654017,-0.9815642516669207,0.980451486934238,-0.97934711042637,-0.43193669502584964,0.43024585602773113,-0.4285688748188553,-0.18730447100392286,0.18721785314441478,-0.1871327827447738,0.3212153982638765,-0.3213707868226644,0.3215147968836201,1.008123203668651,-1.0076051766922525,1.0070934403801246
Chattahoochee,-1.1425137880391238,1.1439754854115978,-1.1454974453583298,-1.8719875174109035,1.8664090535602371,-1.860811519765994,-0.5998351277401401,0.5992450337054213,-0.5986564201806506,0.5016525859694515,-0.5057592534016432,0.509878514444649,2.636469912522969,-2.636869136275654,2.63724357332451,0.21656606067240802,-0.21446782402095066,0.21234687606741198,0.7204040641414351,-0.7190056238886556,0.717576420059263,1.23352633607936,-1.2336631760328327,1.2337843927844703,-0.5975075784899768,0.6023327327724861,-0.6071648460627898,0.8988305511464594,-0.8994889526021037,0.9001296778672114
Chattooga,0.6127349839191069,-0.6122445354318575,0.6117561010618773,-0.8622881899343765,0.8625010228168377,-0.8627120308075724,2.547678231441822,-2.546947694845588,2.5462203891584445,1.320015121676656,-1.3186067734589788,1.3171982022731525,-1.4027815652900446,1.403292530864108,-1.4038040077955865,-0.36646131194641973,0.3659992092259659,-0.3655405745671361,-0.9118892269953232,0.9112001241165786,-0.9105142798981022,0.526526202091494,-0.5261409253404472,0.5257649484560574,0.731412286495354,-0.7308600895712519,0.7303346552368855,-0.14984676664455274,0.1494411827409935,-0.14904501100634088
Cherokee,1.0432167248096889,-1.0427639016288155,1.042244221120329,0.6521288970396902,-0.652353863063479,0.6525883703403677,-0.2979671020843738,0.297048734767081,-0.29613990737126245,0.17458562481768966,-0.17338847321454115,0.17217948471736388,0.049814274594399605,-0.04940659871159867,0.04898178638562046,0.10666668066497126,-0.10663113655798605,0.10658165347471302,0.09189623489186075,-0.09229238862335519,0.09267453429527518,-0.5045492248940348,0.5044467592501414,-0.5043547710113423,0.21110801506702398,-0.20992621044995513,0.20871410307519106,-0.24536837160830885,0.24533927261931257,-0.24532313137381465
Clarke,-2.495199091005062,2.493743448209877,-2.4923210239006233,0.7364499134544998,-0.7361620883394381,0.7358775809911702,-1.4462708425597528,1.4457611517491038,-1.4452522533594376,-0.7667041732051226,0.7684330937071054,-0.7701650868552692,2.382931285941183,-2.385459761746436,2.3879973339967813,-0.06506264846714363,0.06566030983376867,-0.06626606294205531,0.08481969241720833,-0.084574548081711,0.08431430113036704,-0.02794892850378681,0.027549267538110697,-0.02716305947255332,-0.022915466305176945,0.024809594026384333,-0.0267363595178329,0.19801939726621945,-0.19763493592555356,0.19725485953421623
Clay,-1.9197224541241782,1.9161264896711012,-1.9124712088039453,1.742363555285308,-1.7413519481568083,1.7403244348312055,-1.5923183703400035,1.5916244978854248,-1.590918695617712,-1.5687379435719948,1.5726159754541282,-1.5764659405020462,-1.2687868906873174,1.2697532761473604,-1.2707235460644857,-0.13080297158486376,0.13134325006967162,-0.13190207667871406,0.5698337443134155,-0.5696517700740567,0.5694452306111799,2.2823631940525666,-2.281694443177778,2.281038770178268,-0.14966078994412624,0.14812568638356963,-0.14659224852113623,0.19061371724772658,-0.1899847506367507,0.18934682758219548
Clayton,-1.9269271694525207,1.9262888125786424,-1.9256779958473538,0.0804154767459679,-0.08072825128144923,0.08103141580115371,-0.5426741897120928,0.5418953255204273,-0.541117868410424,1.5942366921629734,-1.5922182822585322,1.590205091358661,-2.309590326136002,2.3087867857593087,-2.3079726858033487,0.49555554502029997,-0.49515657901524596,0.4947477933976974,0.8090629724661823,-0.8097779597960412,0.8104728310581253,0.2675383914444135,-0.2671091727554833,0.2666700706161179,-0.13289875374078852,0.13244992478432982,-0.13200570513569376,0.37384184101271484,-0.37304034544090603,0.3722557085788333
Clinch,-1.0506536675980638,1.0501573025627555,-1.0496531332705552,0.966142673233394,-0.9671601591523472,0.9681727355674821,-0.3576019925005172,0.3593837785042468,-0.3611567467647641,-0.7901831007756307,0.7883220382364352,-0.7864602107205391,-0.7471502377005307,0.7486056784582152,-0.7500579408742414,-1.382805172678995,1.3792065585873066,-1.3755726060865565,-1.3839212825378402,1.3837161517428689,-1.3834840309171552,0.9196863533753886,-0.9199369456656733,0.9201829822167612,-0.7459483556259181,0.7436105587009273,-0.7412438240465289,-1.6447046117669462,1.6446341317843658,-1.6445534053262987
Cobb,0.6181385204157561,-0.6187782865871052,0.6193623349281673,0.5035290377286912,-0.5037200121443675,0.503919504252795,-0.7414549323545498,0.7403674426126352,-0.7392912268135521,0.5977348206166637,-0.5963524134344494,0.5949605899447296,-0.7240598080308931,0.7233463545436437,-0.7226451212226539,0.3473268265419726,-0.3473129725299981,0.3472829065753305,0.56105057984609,-0.5614594419669865,0.561849610547037,-0.33649606686305306,0.33628085681898406,-0.3360764469141485,0.29738936162986485,-0.2960566521046001,0.2946969612773364,0.07094596012931806,-0.07096490445658764,0.07098101767575561
Coffee,0.9054265441483605,-0.9053423517818312,0.9052950787906227,1.111085194279845,-1.11088678448775,1.1106868966443648,0.23707552101403584,-0.23673274743267875,0.2363933995702688,2.5931670495725636,-2.594210759247024,2.5952506230744623,-0.37891653742626896,0.37888873073884904,-0.3788443472720897,-3.8861169550479655,3.8852343582672155,-3.884345100953487,-3.920824251539446,3.920704330589826,-3.920589000531869,-0.021277932095471384,0.021700469229642375,-0.022120244687540848,0.6981069948431473,-0.6998591330335474,0.7016381302745605,0.21687867526027219,-0.2174171386419218,0.217957785896915
Colquitt,-0.9659982624855153,0.9660495456718556,-0.9660964071202534,-0.5931913419606182,0.5927565905734503,-0.59232364248261,0.5826351868244496,-0.582836171302112,0.5830406644758672,-0.8099649108318988,0.809212441960447,-0.808462732450712,-1.0745797223169034,1.0753238137949885,-1.0760359117425164,1.1110471999454772,-1.1102622070032995,1.1094874441662395,0.3270787476484228,-0.3260779848123856,0.32509852312238646,-1.2066871533862351,1.2065763416696993,-1.2064590574911844,0.031516817449978585,-0.03381263620694988,0.03613288696655033,-0.23184517050200437,0.23181789845794895,-0.23178610640502462
Columbia,1.5061196846795697,-1.505368397797829,1.5045543865844637,-1.0599141043540212,1.0590336515078613,-1.0581454512227773,-0.23708514226909594,0.23621013478147326,-0.23534447076508858,-1.1587566634797064,1.1596613217479634,-1.1605739310085605,0.7531545696288322,-0.7524152916039221,0.751644248438287,-0.14954106374518628,0.14957086412828363,-0.149616390052341,0.3781232071478024,-0.37854748542941224,0.3789531899545472,-0.23534453812600092,0.23517755990172384,-0.2350215669035071,-0.11063587692783197,0.11243521618754897,-0.11426764112311967,-0.017892125081922568,0.0175281138572805,-0.017178936482657482
Cook,0.6226414674961077,-0.622802714709323,0.6229943473969586,0.33563117456884267,-0.3359329345768126,0.33623298073468777,-0.47751242910549146,0.477463190405724,-0.47741012607867994,0.8051129098649936,-0.8062887546300159,0.8074603383297061,-1.1094134523147854,1.1084413419495405,-1.107458466118233,2.040686367409806,-2.0429417804477077,2.045199105905001,2.327287650055378,-2.3294469541839726,2.3316100027981213,-0.12866975350583076,0.1290307956996679,-0.12939072995449008,-0.19018046126087645,0.18909937631572885,-0.18800309793480607,1.2954717613014815,-1.2947554118169553,1.2940359250946694
Coweta,0.715402177353226,-0.7159129107855469,0.7163722820355606,0.11790205896090811,-0.11843313713499859,0.11897197056020302,-0.3922017993753851,0.39161757505213596,-0.39104063381129106,0.4699772929029898,-0.4687060477452011,0.4674267817918538,0.3262952139826044,-0.3256743340382094,0.32503077695016735,0.21345532938589198,-0.21307201398650882,0.21268045063035082,-0.0015616361298913214,0.0012713507280496768,-0.0009923663421515622,0.014937537142872498,-0.014957692853487426,0.014968027309835217,0.30784039412363146,-0.3073172733968396,0.30677607194237,0.05672291824326829,-0.05631648400632353,0.055904136170922575
Crawford,0.25430039631549833,-0.253955448885493,0.2536076388123652,-1.033094086452055,1.0337459126428261,-1.0343971804010315,2.3787713344774977,-2.3786285280799877,2.378484881786374,-0.14265566539521013,0.14270213419501537,-0.14275140040545406,0.426544931625007,-0.4265683018040862,0.4265945456810886,-0.5474753813935193,0.5475414462204921,-0.5476090147133232,-0.9201556121534742,0.921137033079857,-0.9221217814577857,0.09957397301045974,-0.09776196386453384,0.09595271022294988,-1.3888180121488574,1.3900413872975848,-1.391288803426454,-0.5955554281111065,0.5942236934407419,-0.5928982113264331
Crisp,-0.7642662332815764,0.7628852505954744,-0.7614505490573986,-0.4929275938107869,0.4930534764582751,-0.4931886937317052,-0.5463337733964396,0.5468592818859082,-0.5473785211394775,2.719686700258462,-2.717744382982593,2.7158039513777226,0.5625090597876998,-0.5617968032589883,0.5610816128548918,-1.5796142048801416,1.5800962302300523,-1.580579166153262,-1.1691515524909082,1.1690208324206293,-1.1688899302057072,1.0243310163827215,-1.0232666572871556,1.022199914595663,0.0006328719831570756,-0.0037407490833164165,0.006877448287202499,0.4708753318259279,-0.47281066106013264,0.4747486157409176
Dade,0.4929565915791947,-0.4932145662861533,0.4934366026307643,-1.2230584676594782,1.2227908476185434,-1.2225152788115632,1.0419056843018992,-1.0410677969920337,1.0402262786568666,-0.8040766249957987,0.8043720659415068,-0.8046745394213896,0.3467191913750186,-0.34567410959692835,0.3446203948534926,0.4790992615933735,-0.4781558211721099,0.4771811546226043,1.0147598915781855,-1.014275992700835,1.0137526276003095,-1.2299120170832738,1.2281204788613158,-1.226327530832788,-0.0477904103261343,0.04989570422939308,-0.05202150516648158,-0.9482104806804844,0.948074301388517,-0.9479358444035005
Dawson,1.3764348087628728,-1.377916936039536,1.37936502808482,6.0087471376051385,-6.010189761979128,6.011644286541283,0.5185032507204426,-0.5202679268691233,0.5220267779221208,0.3767881924803723,-0.37600637391323827,0.37521374639224137,0.9045422269475211,-0.9048122957820715,0.9050840016927387,0.41064096099320696,-0.4112931234090357,0.4119382287254516,-0.3302582821717158,0.32968636725768696,-0.3291231542492083,-1.7837114414453978,1.7839030143998493,-1.784085235691645,0.903247941897877,-0.9028507688838119,0.9024418716475523,-0.0005633593988930371,0.0008207853472421696,-0.0010916595911103653
DeKalb,-0.1401577679318043,0.13904396740340122,-0.13794761293245492,0.1294667446473678,-0.13025541192251028,0.13104720600903325,-0.9213746148103523,0.9209015276320986,-0.9204379070559677,0.9081171599203508,-0.9063550760925259,0.9045898396428599,-1.5163694372776968,1.51521309828192,-1.5140587541191761,0.5353539240695511,-0.5353903910210529,0.535408917155674,0.874443890218208,-0.8750388597208958,0.8756124946073728,0.24943999366712694,-0.24938911285197096,0.24932770102851637,-0.23529697909979264,0.23620247976245098,-0.23712100286267032,0.5410507787479403,-0.5407309892281986,0.5404298698049143
Decatur,0.2344874291614403,-0.23563888664971921,0.23683857899852553,-0.4644931044996501,0.4638876962657536,-0.4632869011282846,-0.7586395879568437,0.7578596960770028,-0.7570759352377865,0.5939392179148625,-0.5952925749883129,0.5966453874397438,-0.9668103516203825,0.9668789098177079,-0.9669442787638454,-0.5324002990052475,0.531716330737838,-0.5310156076407028,-1.0427844249018166,1.0426876013965358,-1.0425784618341452,-0.38104885665868277,0.3808100645248091,-0.38056783045542053,-1.0905454958477279,1.089785460935634,-1.0890026369241017,0.15796360114049648,-0.1561009432332357,0.15425606353586718
Dodge,-0.6670025763438558,0.6669393118516049,-0.6668709097214205,0.5896934877148801,-0.5897972221587491,0.5899011442442698,0.1226522251782786,-0.12204802764396662,0.12144553933681616,-1.0790161127490707,1.0775780262123442,-1.0761304448198803,-0.32563508045508677,0.32544774511278435,-0.3252636708921311,0.35517382542494363,-0.3544765397790937,0.353788261430752,1.370572864835251,-1.3702245619411142,1.369888088114419,1.032760546682788,-1.03179230921508,1.0308252998477132,-0.820066584695965,0.8198544402389824,-0.819634265481284,0.6160106067520374,-0.6163645738017214,0.616722832025012
Dooly,-1.1812391329311138,1.1828884121331442,-1.184519956921707,-0.2752372070384729,0.276099500886391,-0.27696739986376523,-0.341802663899196,0.3414843338928859,-0.3411622494244211,1.2980958274389467,-1.2977535783591163,1.297416414300158,-2.6787572324140085,2.6784697259746784,-2.6781771256989497,-0.057412531311087124,0.05864731429133383,-0.059892876701016486,0.4607620532789755,-0.45928984666890316,0.4578095904171796,-0.5083701283100452,0.508756776715147,-0.5091499126540222,2.092049267716025,-2.093253142837788,2.094466702036155,1.0602144213528697,-1.062306969020888,1.064394408711701
Dougherty,-0.550826541668126,0.5511829163606113,-0.551493327144322,0.5511665662211419,-0.551682631098153,0.5521899307365606,-0.6111763794277667,0.6110168450510141,-0.6108540414867601,0.7690663374693759,-0.7676219467443214,0.7661839123631465,-0.11864050932417991,0.11863818194947565,-0.11864028673181816,1.2463665350322943,-1.2476071418822494,1.2488408146326735,1.1207413256956285,-1.1215940989410373,1.122436993721321,0.2732797358549708,-0.27203210361809294,0.2707789707616125,-0.9037896608440089,0.9025682991753771,-0.9013364035308611,0.46230106336232174,-0.46121009133979,0.4601535119418049
Douglas,0.36777466274280446,-0.366530927457688,0.3652490375450775,0.028813273377583486,-0.028329747342875498,0.027843768775986006,-0.815066734780795,0.8146798993582433,-0.8142978708629217,0.8488271554338904,-0.8474571329499908,0.8460839910404713,0.4526314926023521,-0.4527385280347279,0.45283802284733154,0.2763090634909119,-0.27748796912569706,0.2786686381472322,0.12861257128882175,-0.1297111844348886,0.13080612689293328,-0.2841413619361606,0.2842584643372578,-0.28438315091360805,0.14525120236346864,-0.14436565608234406,0.14346198824607756,-0.277977094636714,0.2780768855292933,-0.2781772545545315
Early,0.10390196382850195,-0.10275059553169856,0.10165282339253995,0.21727571127644793,-0.21683821968494743,0.21639174011229773,0.62398920379171,-0.623612945192625,0.6232412821120843,-0.720052232766587,0.7208563809428886,-0.7216583165830011,-1.0467769065892096,1.046939069606026,-1.0471134405941196,0.9047646229011239,-0.9053082409342847,0.9058631527932857,0.6356210006351344,-0.6365245090535343,0.637431465565514,-0.11921146518449098,0.11937507094849166,-0.11953390915592599,-0.43125438776356334,0.43041844560914305,-0.42957050842911343,-1.0719647120066254,1.073109903910433,-1.0742287680601428
Echols,0.44342417369426135,-0.44556154174082496,0.44773836622705154,0.3672542551428237,-0.36786407785276165,0.36847635824518327,-1.004202208709203,1.004182138476598,-1.0041595836086148,-0.7978576591788198,0.7988274997316006,-0.7998075681342212,0.04878360560176804,-0.05294793959553132,0.057172414457511256,1.4457572419819458,-1.4445784448518046,1.4433942064905576,1.0801033011544379,-1.0797942043238913,1.0794739685112935,-0.0003326441757483079,-0.0015508438344146226,0.003426656555886913,-1.5552883764937713,1.5553002603114288,-1.5553369742735381,0.7537373644813197,-0.7537549020804772,0.7537585869507588
Effingham,1.1575915806530004,-1.1576522262990667,1.1576647800797883,0.45161826604053223,-0.4518829180608003,0.45215705710327286,0.46610572588252625,-0.4660586150961344,0.46600581018294923,-0.216312472364058,0.21725117430464805,-0.21819859776860245,1.0364776962801845,-1.0358283035496874,1.0351587933972133,-0.7695226316956273,0.7691292648840545,-0.7687350930849758,-0.010619860552086087,0.00978829459147344,-0.008962071181679484,-0.4236529081874252,0.4237423369823761,-0.42383518825533467,0.135849425860298,-0.1340416584291357,0.13221418474398988,-0.11775655971023537,0.11785147754001979,-0.11795826891077583
Elbert,1.3665283251858915,-1.364725965837361,1.362959445972156,-0.5285258772849359,0.528307973279488,-0.5280926143689189,1.092572945719434,-1.0911656024729037,1.0897572405540368,1.452198990091403,-1.4524642208926135,1.4527305709018317,0.03822604089865753,-0.038525102169957796,0.0388309046327812,-0.13089989797337198,0.1331115284852948,-0.1353215259172503,-0.0734168817583659,0.07372524051917623,-0.07403312964841846,-0.6113258956971088,0.6104316641640963,-0.6095305097649804,-1.2388698692615698,1.2385006148076285,-1.2381284516442284,0.10976264215737166,-0.10984967548712005,0.10993953456126493
Emanuel,-1.2145609413262204,1.2125856775408066,-1.2105888161471878,-0.1716912955243478,0.17191061646216035,-0.17213346188351286,0.242032133975564,-0.24171890090522724,0.24141060624249605,-1.0642173492273326,1.0634954493569444,-1.0627608971848104,1.5853979400720422,-1.5870144798580235,1.5886397506030399,0.707017625959511,-0.7062570019898081,0.7055048977155853,-0.6883780082318129,0.688616988110812,-0.6888495771584797,0.10311694429932133,-0.10440482272547136,0.1056961102240522,-0.7262507295059597,0.7255132640195833,-0.7247565952625696,-2.2608948332261978,2.260861868733858,-2.26082393768191
Evans,-0.8597287113869633,0.8600212144094735,-0.860290319573578,-0.3675384359225022,0.36700655733432297,-0.3664787405495064,2.1798541480019695,-2.180043753207071,2.180235264312646,-0.07147497293123978,0.07221292399805815,-0.07295708076213013,0.7343357330551287,-0.7361306058621284,0.737940374550216,2.0003649897217226,-2.0004328873787696,2.000519240416923,1.5701496999517683,-1.5698615350548497,1.5695954743978526,-0.6419325180376004,0.6431812867432488,-0.6444233111631179,-1.3545481515558022,1.3523713632815573,-1.350165245617187,0.752875894378803,-0.7530293838290063,0.753173494488478
Fannin,-0.549025362836236,0.5473185722865068,-0.5456260694029896,1.1110082787101658,-1.109481686839335,1.1079571718673877,0.5835614636228736,-0.5842477290634338,0.5849311847530069,-0.2516524224822276,0.25110617004661745,-0.2505642586939854,-0.09274861790522498,0.09184990715421217,-0.09093664662680213,-0.3004483833605001,0.3012015478518232,-0.30195185515063505,-0.9249316531876334,0.9259107397513711,-0.9268739683414176,0.1441757842623766,-0.14407302915547998,0.14398085645133504,0.827525422726531,-0.8273756389386714,0.8272246241441373,-1.2803688693047102,1.2777762872333231,-1.275189096540509
Fayette,1.6240968981873518,-1.6232208449509569,1.6222791387487643,1.1513780121391588,-1.1512673724503335,1.1511597509377505,-0.6107759043122457,0.6100450526752212,-0.6093268827615022,-0.23770738979944486,0.23868741324264858,-0.23967540595061096,0.293548895781548,-0.2914749508552434,0.28936323377289924,0.12955140489069383,-0.12894636165108284,0.12832392408618803,-0.2587551966367993,0.2588493942597349,-0.258963115140015,-0.5464905800068314,0.5462157054750052,-0.5459534204376228,0.0890091271076711,-0.08614678328230935,0.08324196114577762,-0.2543151026833513,0.2542358324297833,-0.2541704785138788
Floyd,0.7253086609300847,-0.7243736987851437,0.7234412754718638,-0.2818475508715273,0.2821883168003845,-0.2825289598279176,-0.415859324821305,0.41577956609023226,-0.4157010013549917,-0.078577327465166,0.07861803145197375,-0.07865919870693001,-0.14423559091955146,0.1451466671855709,-0.14605513160152175,-0.25694458924431834,0.25551915855714225,-0.2540871239383858,0.09887275556480035,-0.10033813641183771,0.10181516660831179,0.3896235589440406,-0.38968004324590694,0.38973766840288454,0.9948043398187582,-0.9947137014349563,0.9946181622781202,-0.4513819173970553,0.4505035242483837,-0.44962179795297225
Forsyth,1.997841505864382,-1.9975556222526256,1.9972021190441114,0.48447936497905597,-0.4854416594169798,0.4864135277486899,-0.8235905429431798,0.8224357984748343,-0.8212945555456519,-0.17093695665744094,0.17226593371532173,-0.17360693945522498,0.4623093917928592,-0.46191103819535506,0.46147792777074165,0.5721657587678433,-0.5722521322405975,0.5723217704763202,0.5889254057247748,-0.5893151412996398,0.5896867676770129,-0.694541185833749,0.6938289308067171,-0.6931324507680938,0.8728375153187568,-0.8713650798757338,0.869855472493815,-0.5537022228667355,0.5530312979726366,-0.552374131201917
Franklin,0.7595310587416148,-0.759748477797704,0.7599730516824995,-0.47673006580242006,0.477599685758506,-0.47846855335296073,0.294992173669672,-0.2946205417509262,0.2942491466589674,0.5071933028411079,-0.5074179616441262,0.5076395224557413,-0.9321748444029887,0.932955028053649,-0.9337289852821719,0.3636286335370607,-0.3634881897475374,0.3633533385252292,-0.12970623448769455,0.12867957003485692,-0.12764360783007875,0.5070217398696011,-0.507067532631165,0.507125507681902,-0.6935227877800973,0.6929206218622951,-0.6923126694445991,0.07970359699484178,-0.07954705139304413,0.07938023977037871
Fulton,0.07598369192981429,-0.07624697338946769,0.07647966511695854,0.1226965012479803,-0.123527357952051,0.12436878138343575,-0.8122063719503071,0.8111536699670622,-0.8101116156641801,1.0787078299307051,-1.076997284352368,1.0752834926213564,-1.1452807670492906,1.1424375963022173,-1.1396073714351163,0.41099938670136127,-0.4107729319552572,0.41053067897159806,0.8325722634554238,-0.8330367047715594,0.8334818231877749,-0.043855810803565355,0.04373879134453538,-0.04362837103383565,-0.1942930928869003,0.19448222066949203,-0.19468939623429485,0.11564793800434311,-0.11640514559654508,0.11719060446933552
Gilmer,-1.2091574048296374,1.2073683218479918,-1.2055985403557823,-0.12429630058652263,0.1254998225240276,-0.1267011684432538,0.6862343364806088,-0.6863649549729298,0.6864926729224825,-0.18652281695358972,0.1859472449322503,-0.18537514320288198,-0.8718420444271108,0.871964195672847,-0.8720562517987643,-0.06984737925797875,0.0701070875313857,-0.07035660643870235,-0.12693062948898573,0.1254376151657737,-0.12392318285293452,0.5172739475340075,-0.5161181666036765,0.5149685754933795,1.965595121804612,-1.9666426325354807,1.9677037390537977,-0.4533470927408149,0.4542778452867874,-0.45521291530112545
Glascock,-0.23381906720496398,0.2344375380375193,-0.23509277859803274,1.128842668426348,-1.1290105669824013,1.1291820446557765,-0.4322755617580801,0.4338129491318564,-0.4353496491410349,-0.44798190074885513,0.44580120260683764,-0.44362123949621096,0.9259100631512419,-0.9251858423163386,0.9244479120753125,0.161564373699891,-0.1604524664362074,0.1593387800965112,0.388875550837387,-0.38871915380270206,0.3885669147249214,4.451285566435205,-4.4523235992961565,4.453371768212227,0.20369996168146917,-0.20105688667802718,0.1984085046177155,0.34031077169078594,-0.33944451424539357,0.33856288806583706
Glynn,0.4182076700437252,-0.41810790896544386,0.4180099013664603,0.7425423375826443,-0.74262818821825,0.7427161409124869,-0.11877474032088094,0.11865656249563841,-0.1185428542922997,0.028030200495068536,-0.027481410192149995,0.026930013138691002,0.4253551260654254,-0.4244960093634899,0.4236393860002008,-0.6330755176904536,0.6329467622398767,-0.6328290128459423,-0.03435420059524595,0.034292913128913034,-0.034238161714966756,1.07785420338417,-1.0779068456425374,1.0779580732719418,-0.6611665253842619,0.6601111294295781,-0.6590501346777782,1.1858080725435505,-1.1870594633536993,1.188323046167582
Gordon,-1.2875086840292893,1.2864558697882646,-1.2854557988601487,-0.5743400194043697,0.5735509906973549,-0.5727588980533058,-0.19204776365587042,0.1915078234613216,-0.19096693183838614,0.8581042920396772,-0.8583500600521933,0.8585901579297115,-0.4457916563462556,0.44633237605608433,-0.44685571235920485,0.5695749971705516,-0.5702830640212426,0.5709956488480666,0.4617726902342649,-0.46243206452168056,0.4631067093157199,-0.2522467300429467,0.2516637106640364,-0.2510836315566305,2.0565273494250635,-2.0578403003894006,2.0591646353339,-0.8728101274578406,0.872156254683796,-0.8715030174434606
Grady,-0.0149758390951398,0.013357449018169428,-0.011718735750882236,-0.13565259748905806,0.1362340474992334,-0.13681949670508192,-0.4020208956098478,0.4007622898891236,-0.3994997295029233,-0.949356968154778,0.9496205453458673,-0.9498883472995925,-0.7293521787021526,0.7283634644042285,-0.7273510813599705,-2.739486863890126,2.7408944419181966,-2.742290365223838,-2.2974954143853012,2.2978212118211254,-2.2981509678693626,-0.19528435578408307,0.19520710118538612,-0.19512973715806112,-0.3055512782166428,0.3035906293262948,-0.3016109666365901,-0.2573953935168356,0.2573495924794022,-0.25731058036501286
Greene,-0.6823125964171946,0.6791438785338041,-0.6759635783881168,1.035448295470886,-1.0340637057042315,1.0326732129947391,-1.4355985060987693,1.4356430822818138,-1.4356895609133653,-0.014865994372605438,0.01485992086416757,-0.014854811676732802,-0.9438853976680999,0.9441888450399393,-0.9444848656598233,-2.0530481214057414,2.0520816592734015,-2.051106335822566,-1.6577142945620744,1.6585762485710016,-1.6594301290040119,-0.39402276966421357,0.39381049047838323,-0.39360007248783513,0.1907512546111575,-0.18999054631191067,0.18922936026911857,0.08446744720875853,-0.08482504856850395,0.08517962216084127
Gwinnett,0.8369817485253725,-0.8373434708423245,0.8376620059739874,0.0910468778133216,-0.092226121662098,0.0934069014590662,-0.5666093066872376,0.5658505983564708,-0.5651027592258617,0.3831399890469512,-0.3814833828854544,0.379818704508494,-0.26956221136903935,0.26869462541304423,-0.26782214988448033,0.20791134188374602,-0.2075701860302471,0.20721123125553215,0.3973128065734624,-0.3975976192332079,0.3978600716870107,-0.0896699933713071,0.08937457759770552,-0.08909485301307098,0.449603546765912,-0.44847030582344954,0.4473110542267176,0.25249851020993624,-0.2526018299169695,0.25269970844220674
Habersham,0.6442556134823012,-0.6453667510420749,0.6464555868986775,-0.9718925502877019,0.9724144177781695,-0.9729326706557723,0.04092452338799434,-0.04182637666554636,0.04272708524463109,0.18789761319203213,-0.18716903011571936,0.18643467714687295,1.2903605193833942,-1.2905263269414555,1.2907114230381491,-0.34627437220542184,0.345816400245036,-0.34535657319232393,-0.03915107950466121,0.03860011766358325,-0.03804084089595343,0.08869039439320846,-0.08865363830928367,0.08861655241092525,0.7744159145061214,-0.7753828529684926,0.7763487165723376,0.11399502180121339,-0.11388359161971325,0.11376391653965036
Hall,-0.27704735917723716,0.2760732331889487,-0.2751347348056487,-0.26888194670259685,0.2679076240820072,-0.26692848972534344,-0.26257542962620883,0.2621258618072135,-0.2616816350850853,0.025130372977090806,-0.024177276321082356,0.023213422479085578,0.8842882084003123,-0.8841326162597006,0.883998495434735,-1.3907299146027063,1.3914194541279021,-1.3921206552187047,-1.804792186478617,1.8060761378424204,-1.8073778898638126,-0.6669372710147736,0.6667447518949301,-0.6665582287817886,0.6339398745798523,-0.6346877331418048,0.6354359860490899,0.5648446446525699,-0.5632789274752601,0.5617092663833673
Hancock,-0.12304656902603665,0.1251068313878527,-0.12710545243109345,1.156125769010405,-1.1559454434211527,1.1557554438644493,-0.8542323493660074,0.8549238651778726,-0.8556076062522001,3.739580786300364,-3.741911362084445,3.744253208330422,-1.237914857439042,1.2365710002857901,-1.235239806194434,0.279889281972561,-0.27816864982797956,0.27644139119125294,-0.7637652737353194,0.7655725133404588,-0.7673870506877926,0.31910953023493616,-0.3174623519220299,0.3158177111100704,2.4457998288527336,-2.444528816509219,2.4432557944525906,0.7438121137933984,-0.741482848616607,0.7391486958659121
Haralson,0.4812489291699339,-0.48334539589545733,0.4854319674109959,0.11748794840107925,-0.11830755679019804,0.1191337482662934,2.3226254137295306,-2.3230757356289193,2.323524998461202,0.35717042595120946,-0.3571346715230946,0.35709527762487714,0.3322435222261643,-0.33187774844012374,0.3315047727382644,0.7604200275187507,-0.763271455216206,0.7661371157586802,-0.11929146437934735,0.11660105321872852,-0.11388509118829089,0.11242892986226616,-0.11287974864901956,0.11334668834047143,0.23431078337474537,-0.23434664568086577,0.23438738679353874,-1.3418573739667823,1.3422659650349484,-1.3426553304075637
Harris,0.9711695715224592,-0.9709658712342658,0.9707037904722158,-0.03591685864196002,0.03523202341489873,-0.034538140178937825,-0.20878357906873057,0.20790047424421754,-0.20702607064977527,-1.0747695319115553,1.0757611287805777,-1.0767598925715978,1.3337853370314792,-1.3335211749388016,1.3332263368731483,-0.008134549519610698,0.009591122707117093,-0.011061311688689133,-0.22878616428367024,0.22982389188331287,-0.2308779488996517,0.5646313640611943,-0.5644741683171629,0.564310695890873,-0.31225849783414306,0.31397873905404994,-0.31572777771040617,-0.19890673313660634,0.19924372673231114,-0.19959272871444086
Hart,-0.0636076675639468,0.06271558077955458,-0.06183780943726534,0.7015707711609982,-0.7010544712329113,0.7005374359566329,0.377745847536072,-0.37747495613118726,0.3772037593221412,0.7956634484606454,-0.7959798131861558,0.7962919978397782,0.04920488337991962,-0.04838020910170635,0.04755826675844993,0.7256305215345289,-0.7243335891308362,0.7230276471058712,1.1047024130257377,-1.1041213886943222,1.1035330895148363,-0.11640840627494922,0.11474714215363938,-0.11308872722821113,-0.17185184466211054,0.1732489581565132,-0.17465257698936693,-0.3165957403816194,0.31654383282699544,-0.31648967673610195
Heard,0.3281487284350291,-0.32938205103294177,0.33061550660208494,-3.5414648808003397,3.541934145042802,-3.5423997482951513,0.2561803632026667,-0.2552191265797018,0.2542578028077993,0.7924687241931955,-0.7924035976936832,0.7923356420044615,0.26903379008109074,-0.2690521403961168,0.26906380904367616,-0.018028108713613565,0.01627919475839896,-0.014523148148267483,-0.7940427066437625,0.792204215745149,-0.7903579367396463,1.7201378117445782,-1.719413590880753,1.7187006798075282,-1.3098806574443926,1.3105621604333373,-1.3112441235724501,-0.16076192918568985,0.16043563388769475,-0.16011570110866952
Henry,0.5253778105583207,-0.5249460377756102,0.5244589532544568,-0.5274902941281354,0.5262802961987747,-0.525070494497397,-0.6505458816117616,0.6492660776090831,-0.647991746700442,0.5396253285131015,-0.5381814272381832,0.5367345461450479,-0.6907512960812913,0.6912333512840642,-0.6917382619368307,0.644150766405814,-0.644123489116951,0.6440828801109395,0.7512274493845954,-0.7520160312775277,0.7527858137757292,0.10239399554952974,-0.1026118979560778,0.10282118839737509,0.516448613585061,-0.5151044195887581,0.5137361381093181,0.18999794994359082,-0.19013331643797068,0.19026073463350954
Houston,-0.5823471712315241,0.5822814195438148,-0.5822696795922412,-0.0006050560288905653,0.0002731991807915883,6.073509142354644e-05,-0.2522167678724278,0.2511206229651655,-0.2500285183131952,-1.127375553466456,1.1282881750401808,-1.129204105383391,0.06781066986777141,-0.06768587061338821,0.06753958238968684,-0.2854086387179944,0.28483033968975985,-0.28425891955122023,0.07079580229511899,-0.07082805349592923,0.07084999373326772,0.1498875232097324,-0.15018500717292974,0.15047286581325287,-0.1051943511001182,0.1064529626502469,-0.10772476332934322,0.12658241531047862,-0.12629518391544378,0.1260099659379069
Irwin,0.43171651128496974,-0.43174809688636706,0.43180317559145454,-1.0322001933899232,1.0325801269627626,-1.0329621165543519,-1.5200087169994763,1.5206239000901396,-1.5212344833256557,-0.30382851309881426,0.30215320421778513,-0.3004696426748416,-0.23084008508103085,0.22950389149617725,-0.2281716619636292,-0.8337262676929795,0.8331392447155412,-0.8325513921817027,0.3471268675391865,-0.34657779597773525,0.34603232291911257,-1.0552146282187145,1.0553544408698061,-1.0554922744664588,-0.7145140806237696,0.7148400512347405,-0.7151675945015716,-0.48229742448406987,0.4818253902998376,-0.4813551033724322
Jackson,0.9333448160469489,-0.934753832557247,0.9361201984126978,-1.2998233623105118,1.3001510925444397,-1.3004715216465228,0.14683735947931414,-0.14772908783980057,0.1486171375717551,0.7821779157324579,-0.7819102101461154,0.7816298712812234,0.2326755712910066,-0.2330702558290894,0.23345799251558244,-0.960373719943207,0.9598482767890782,-0.9593269352969543,-1.3453253697826637,1.3440615340711555,-1.3428020913524896,-0.9064291363803831,0.9056961728607048,-0.9049620013741285,1.5331690515645644,-1.534083834835826,1.5349892172610022,0.4887113484882358,-0.48782899462894297,0.4869389674832756
Jasper,-0.548124773420052,0.546420360117976,-0.5447397328238045,1.2183718535194048,-1.2180615838793885,1.2177523717056171,0.011766694394656921,-0.011569905405744223,0.011374913476912414,1.0056470354212066,-1.0053995668092837,1.0051430913524684,0.08947447101745716,-0.08866658647750748,0.08786431762163559,0.4353612287044274,-0.4358619628298291,0.43637359142726984,0.04025581215693138,-0.040971478706056455,0.04169999397304954,-0.36184268748659004,0.3613895920091528,-0.36093659997327987,-0.05923876865354252,0.05892422216803895,-0.058620224060611036,-0.07931155954570472,0.08105257009041969,-0.08279167475659298
Jeff Davis,-0.2842520745059241,0.2843886729108262,-0.28451420687170287,0.21139531979250833,-0.21210728443671747,0.2128194267925153,-0.030418254186141865,0.03169172312142673,-0.03296198870915363,1.0879034418959,-1.089565349861344,1.0912284439119544,0.44422582633347596,-0.44384507017235536,0.44347759815545473,,,,,,,0.17413079954603597,-0.17482129897540574,0.17552109004651487,-0.1195451109404642,0.11665854076577536,-0.11374238870054665,-1.0393301293448318,1.0386871295334583,-1.0380396851006841
Jefferson,0.11200726857358569,-0.11307434210326908,0.11417735222592293,-0.075833903890804,0.07611028666997395,-0.07639451738376876,-1.3520752250913164,1.3526725767556222,-1.3532650478848653,-0.3965192218397256,0.3939408657624497,-0.3913505259417123,-0.24977705464780064,0.25060356059639394,-0.2514265722217372,0.9068485402578602,-0.9045983711778081,0.9023493803820821,0.12961487309432138,-0.1285262969432367,0.12743581800933157,-1.1809797740139958,1.181058837051981,-1.181130964511951,-0.8536119105379404,0.8522015352504707,-0.8507803128796064,-0.5515775160096804,0.5531906671646575,-0.5547953365739756
Jenkins,-1.6990780471821558,1.6972335461655292,-1.6953556402541266,-1.565990018227196,1.5661809947768233,-1.5663782563794006,-0.6965256025505604,0.6976753637047294,-0.6988169906369763,2.3611124830331103,-2.364448239360221,2.3677913301751343,-2.2013240510330303,2.2009081310011367,-2.2004882551853626,0.9982864721723372,-0.9981179485420631,0.9979619596653219,0.4870115248789829,-0.4854052360245739,0.4838064883910771,-1.033755467284202,1.0325947660689487,-1.0314298713505528,0.28135936110857,-0.28127422804378166,0.2812028024277089,,,
Johnson,-0.2275149412923361,0.2276735962918641,-0.22781292894945598,0.5996441784902532,-0.6003413254459424,0.6010393969096808,-0.13708565995353733,0.13905545912552097,-0.14102212160463704,-0.08539378075471203,0.08320633307712406,-0.08101750203800077,1.4493137544369792,-1.4495057497660977,1.4496977264691093,-0.7105722040343203,0.711940287698407,-0.7133098812863102,-0.8171289887630756,0.8182820690924516,-0.8194359935383841,-1.5238005371269305,1.5231529437602658,-1.5225087035817728,0.7599793903440372,-0.7612779807595896,0.7625785276426368,0.9729089818868626,-0.9726613836777481,0.9724160038550558
Jones,0.3569675897495924,-0.3558260602868212,0.3546432819095333,0.39337065022789947,-0.393368582493855,0.39336988834413583,1.3170411923657364,-1.317099989802198,1.3171545545105003,-0.0972186765959133,0.09774667579296012,-0.09828238117385721,0.44092093901194235,-0.440409006861995,0.43987939968772244,-1.0120587070533285,1.0130185869971786,-1.013985090797225,-0.7928445288101627,0.793303618498321,-0.7937734550505958,0.11143530285774164,-0.11134094835358996,0.1112436116774026,-0.4569603040914588,0.4589812222276568,-0.4610322334332486,0.10236415375820147,-0.10234385349906794,0.10231064591873448
Lamar,-0.8831440362053518,0.8830161603830791,-0.8829205004925009,0.4477909798335192,-0.4479888965252648,0.44818835119026584,-1.0419932322741448,1.0423346662054809,-1.0426762002535557,0.020449003476040884,-0.02120389547707653,0.02196181038656231,-1.231592840924201,1.2308723622056768,-1.2301637297876329,0.7352807551065401,-0.7351866565693521,0.735093813647603,-0.10020397054303798,0.09966335325699824,-0.09911832670770815,-0.25830922221955194,0.2576916890241705,-0.2570765806165762,0.3474542090740958,-0.3468789965466984,0.34628330214915076,1.7789221999824205,-1.778018548300099,1.7771225423742045
Lanier,0.581214354355806,-0.581381804570371,0.5815756630471133,-0.20101367158073163,0.20010487080876807,-0.19919442470244034,-0.4152087311196077,0.4154930438715496,-0.41577410264027015,-0.8740811057773785,0.8747511161883302,-0.8754223532822434,-0.9892339810042037,0.9874193937189403,-0.985603285502475,0.8397764889454908,-0.837422214781651,0.8350933555680876,0.02823860943258316,-0.026153522877015705,0.02407791251886019,0.4421077053257523,-0.44219529292494775,0.44227200167349884,0.8279835576596418,-0.8272814925026191,0.8265830173849539,-0.9779466430413325,0.978956684400106,-0.9799642724747174
Laurens,-1.0947825489866037,1.095672747366591,-1.0965627385335024,0.16997677505019845,-0.16956640703572706,0.16915010055758478,-0.19493119288532904,0.19496563550331866,-0.1949968300560317,0.048991046280348546,-0.04979401665065947,0.05060188768082321,-0.0971713332058617,0.09810379538427971,-0.09904778868349634,-1.2105589028071244,1.2110747038616754,-1.211578506343515,-0.4661337322909558,0.46662154535042816,-0.46710299678574885,-0.28452041414680934,0.2838929066117223,-0.2832641220928186,0.3036862059005743,-0.3029614995502305,0.3022460238417144,1.0098622923012908,-1.0096914235929821,1.0095220415428288
Lee,0.8946194711549103,-0.8929723425893015,0.891277732753347,-0.685868312655639,0.685289927038111,-0.6847036681392378,-0.4050202837960056,0.4039427765385354,-0.40287018837075045,-0.5848899862869907,0.5857139825504414,-0.586545451241765,-0.04601335598967409,0.04697380687828384,-0.047961376822236695,0.791748453707931,-0.7926996045315786,0.793636722878839,0.7255239301192118,-0.7266554707710409,0.7277706403877963,0.4596994639822326,-0.4591746143228455,0.4586444863603298,-0.9735354960293066,0.9751714387876871,-0.9768321620011243,-1.7522930121669236,1.7513190737269657,-1.7503499897352317
Liberty,0.9054265441482794,-0.9045711798131262,0.9037097422042263,0.6635238593244851,-0.6656211543878546,0.6677235046001949,0.42676566363737783,-0.4279951161850565,0.4292246562598804,-0.6784269741809141,0.6786505101116705,-0.6788733568563479,2.156422815957688,-2.157462798032318,2.1584867295900003,-0.2514763254832836,0.2510985195754004,-0.2507264599301569,-0.255260684937678,0.25522579231157794,-0.2552090576339668,0.5406051957474945,-0.5407553322707658,0.5408987969599954,0.2938763882226153,-0.2922116976327484,0.2905658906448266,0.7062360104714577,-0.7051031628564076,0.7039769402016184
Lincoln,1.0414155459775607,-1.0416060273297083,1.041811763604078,-0.643764741801968,0.6451677888657831,-0.6465733158327863,5.9905648931322215,-5.9917998320214485,5.993031896147451,-0.25045904924214657,0.2501167355222392,-0.24977371458769196,2.918427908217734,-2.918875540973843,2.9193324232585187,-0.8560112598887273,0.8565838788568886,-0.8571646174233344,-0.38470556671863343,0.3851713705767443,-0.3856403245303223,-0.9065190222504597,0.9055661152290382,-0.9046077264334836,-0.4156332758785582,0.41717939677006927,-0.4187411240707549,-1.0756216393953548,1.0761606940390727,-1.0766944589047567
Long,1.5448450295712315,-1.5476754635656693,1.550524188416405,-1.490871749677959,1.4895547380587684,-1.4882324438451429,-0.460479009549971,0.4610142729319165,-0.46154927328436895,-1.853221724486094,1.8536220743525833,-1.8540247712552274,1.7557990461355284,-1.7580176416092015,1.7602493665371703,0.1165572109091536,-0.11697192580526569,0.11738439444757075,0.317468319529095,-0.3172562366386662,0.31703321978723437,-0.24413059594717215,0.2430645912948518,-0.24200927312616652,1.071491447007039,-1.0710157327599015,1.070524682531017,0.3862339326062263,-0.38715032711677466,0.38805579822489217
Lowndes,0.8522917685989654,-0.8500785252484179,0.8478825953398278,0.150837911734669,-0.1517324523947439,0.15262758818489852,-0.2245396479231417,0.22322243881844656,-0.22190526675661948,-0.265100466823236,0.26609813115256264,-0.2670987365468158,0.28232049418468763,-0.2826627276181332,0.28300625256574385,1.5543117683465657,-1.5539684120402881,1.5536198983124547,1.2865524675672693,-1.2866171137414448,1.2866718270710273,-0.798890964734511,0.7986502203771887,-0.7984181064342983,1.0365369169627918,-1.0361777933846337,1.035811983472538,0.19543912343927825,-0.1955678358703975,0.19569459748159054
Lumpkin,0.36597348391058626,-0.36759815444375854,0.3691924530978931,-0.9069556831378919,0.9064138915766439,-0.9058640996684385,-0.6100891624806087,0.6103808508558045,-0.610674914991617,0.5177754131739024,-0.5178384832616854,0.5178931492525537,1.0267487542561557,-1.0262935241085975,1.0258499766501945,1.335955798013146,-1.3361784637933591,1.3364017236385117,0.3179288365746545,-0.3181954762512664,0.3184646881262464,-0.12569527069918213,0.1267306843587267,-0.12776449295067163,-0.24417161386088027,0.24614824566572102,-0.24815872890539928,-0.8520913047171631,0.8499714851328328,-0.8478630210407035
Macon,-0.9029570033594025,0.9048545716730108,-0.9067210953734038,0.7000561194694387,-0.7003777247235248,0.7006924795649934,2.4358852285242265,-2.4365606945407907,2.437242899625505,-0.3646729912815842,0.36245149155817014,-0.36021442063569004,-1.8233434316001935,1.823548423403818,-1.8237425122532416,1.5749368961363401,-1.5747137050470583,1.5744832159739646,1.8024628372703162,-1.8019034249157948,1.8013373377679303,1.456061873126149,-1.4548586646833745,1.4536531224525513,0.30568502489711713,-0.30323293969444387,0.3007891669577375,-0.8725972310302236,0.8719665550393995,-0.8713336896846523
Madison,0.6028285003421076,-0.6024575281230196,0.6020733902333074,-0.2898246524295866,0.28948507155486264,-0.2891412183868586,0.21389696222474944,-0.21425480385466722,0.21461260243021912,-0.4485104421609943,0.44978889544557693,-0.45107512302176855,0.5300957180810706,-0.5298323896383409,0.5295768818160002,0.15618899772790956,-0.15582344546361393,0.15545772144057257,0.06761802630165865,-0.06781649727660628,0.06801343477892596,1.1237345330926993,-1.1246625789786806,1.1255933422065565,0.3550919537304587,-0.35440199218846247,0.35370809539491344,-0.41765279326137267,0.4153877241895144,-0.4131259266937417
Marion,-0.20500020589025633,0.20514952515397977,-0.2052723514260156,1.679338235965006,-1.679073833782099,1.6788066932049583,-0.5710889285284931,0.5713550244775386,-0.5716200752628434,-1.680909215225285,1.6808338992776664,-1.6807546143092953,0.5397861680467311,-0.5411311037534967,0.5424857048076654,0.17991072170585634,-0.17799827014864053,0.1760734102763367,0.015192015665302785,-0.013563219069426504,0.011918818886633676,0.4788970435603089,-0.4788902371080625,0.4788803618119353,0.0065355704503139165,-0.007778742530770868,0.009028777096664099,0.7264444820096696,-0.7279823675623568,0.7295078147360878
McDuffie,-2.5420297406419214,2.5426264630203543,-2.5432488467641186,-1.4380684107958723,1.4383850266951328,-1.4387056447882385,-0.359769266431576,0.35947294155084963,-0.3591735419089519,-0.8037415245965327,0.8041743097950266,-0.8045974847997376,0.004110725841263407,-0.003625027582220084,0.0031308529369003532,-1.7397355893187125,1.7397518238286425,-1.7397591700874955,-1.2982692796284785,1.2976537697666604,-1.297032706239426,0.8387736792777981,-0.8393639930648402,0.8399566247830532,-0.012811552913110761,0.012101969021074013,-0.011383591326663502,1.0428746903130586,-1.0429502507540647,1.0430158467672537
McIntosh,0.14442848755248794,-0.1428164846288526,0.14122753747773992,-0.4337736755315442,0.4344951685496701,-0.4352188024543421,0.5308814445502876,-0.5316719191779403,0.5324613090117076,0.03387718932972311,-0.034364917722874956,0.03485139237407064,-0.11420514756321554,0.11349316086320393,-0.11277992299111689,0.06605351416093017,-0.06547462805428561,0.06488227533364331,0.6948860019667757,-0.6940395375624993,0.6931810579660639,1.3500217533688958,-1.3488709523442006,1.3477177196737904,0.4194197565006585,-0.4185702812104772,0.4177251026202568,1.667174488130583,-1.668206495409904,1.6692295589845105
Meriwether,1.1945157467127612,-1.1920819066019235,1.189687933842281,1.2163580557589626,-1.216069399264374,1.2157769585887581,-0.34435545325671374,0.34505705585944435,-0.3457570410201228,0.8155530341679317,-0.8152965685673549,0.8150461394860691,0.04206102979087679,-0.04118959235132804,0.040317576057912904,-0.1700692651464073,0.16954678212823202,-0.1690109497018602,-0.8086563086388886,0.8080143059344205,-0.8073615249418035,0.09237107173547546,-0.09095185912673497,0.08954109808840706,0.10177257729989986,-0.10203166397984621,0.10229029236263947,-0.03870340030948401,0.03926070755457799,-0.03981869574476618
Miller,2.3094454438311596,-2.310847025371867,2.3123145890037744,-1.212316483385017,1.2131920156930833,-1.214069628480961,-0.48493151103870563,0.48543832030463496,-0.4859450414969709,-0.9782797211515386,0.9793190049325425,-0.9803654226995264,0.41932063628476746,-0.41950587904235775,0.41969073505958876,1.5231458957884656,-1.5257376508534224,1.5283485246193966,1.909159010512857,-1.9102348582310502,1.9113341416741474,-3.323933259603234,3.3241679964005044,-3.3243857052328534,-0.9885040806447812,0.9891774983419228,-0.989853155235553,-0.7711278251300285,0.770819222122418,-0.7705167709243452
Mitchell,1.4043530806613478,-1.4013948133874599,1.3985042178408587,-0.47005767525506476,0.46998632448287647,-0.4699205340732511,-0.5343786988744341,0.5351762227954947,-0.5359690047562516,-0.19998683446169277,0.20106697778968688,-0.20214380285765693,-0.11156627237577667,0.11275207411356057,-0.1139370658474753,-2.735657261887606,2.736539028228317,-2.737403126277113,-1.6494208201659453,1.6521602741210546,-1.654889831641365,0.28601808502572024,-0.28469236966149575,0.28336604190001474,-0.38095451857128926,0.3793850098684618,-0.37779565709130475,1.8657684039175508,-1.866972267144501,1.8681745658408095
Monroe,1.577266248550662,-1.5772407768505683,1.5771954790965392,0.5785007539622887,-0.5784784410957727,0.5784588824289255,2.3270650003652102,-2.3278515372953827,2.328633293184812,-0.3990170470204495,0.3994969078832943,-0.3999823582194195,-0.009557921904792975,0.010423420133446158,-0.011305564713463294,-0.3848339108493993,0.3852181174889065,-0.38560010091320124,-0.7332231998095116,0.7348475971877358,-0.7364716652393192,-1.2302837289647441,1.231223313610798,-1.2321581900387801,-0.028743120778531046,0.030194589151524513,-0.031669037434789715,-0.095945121113415,0.09605670544559314,-0.09617642052209312
Montgomery,0.04626424119880889,-0.04805990114766942,0.04986578108181811,-0.5907436834671643,0.5909186374493868,-0.5910924506214797,-0.45384904634632556,0.45438372706945074,-0.4549184482979777,-1.8377605098646768,1.8364901707452586,-1.8352094452613645,0.6904289282714986,-0.6916481608117284,0.6928773555649079,1.9260194206595789,-1.9256447467028912,1.925266246011242,1.693428654411399,-1.693236118037526,1.6930475651088193,0.5194279741667857,-0.5196560306279475,0.5198815504861497,-0.10438563067377249,0.10555635007032907,-0.10673264791575221,,,
Morgan,0.6820803689579269,-0.6826937963235263,0.6832819464596835,0.09206283329697726,-0.0909560735173037,0.08985322577065727,-0.4632695599659804,0.4632104266711088,-0.46315696244355115,0.17879144801662558,-0.17786995995408397,0.17694106377016094,-0.07521880938225908,0.07490908249154259,-0.07460809813075711,0.2217435452673374,-0.2220933239857799,0.2224508318387815,-0.05404390902962348,0.05361413102869672,-0.05317015352515213,-0.9331134363975925,0.9340811569801016,-0.9350458427958384,0.11684621837215373,-0.11522797008629275,0.11359336531940917,-0.030424113936187096,0.030591640632510096,-0.03076764260401018
Murray,-0.10233301245580523,0.1025863325575433,-0.10286094376859323,-1.197853557234349,1.1972411734540411,-1.1966242431312724,0.7224528123201351,-0.7227481867262723,0.7230452579686746,0.006696983880811448,-0.007253443388660883,0.007816911905555269,-1.0221996809096374,1.023917053494316,-1.0256196566605384,-1.2371550999990626,1.2365646213916432,-1.2359644207019957,0.2821710424447034,-0.282473174128885,0.28279352778863515,-1.0530320951589869,1.0517712321412074,-1.0505072001397395,1.9951500995269682,-1.9969253337652202,1.9987199259730921,0.4777005994913249,-0.47483823653884305,0.47197682182561373
Muscogee,0.5776119966914613,-0.5758929534769631,0.574182801511488,1.005552771274315,-1.0065660195529489,1.0075818245726909,-0.2747089156515233,0.2738978485819385,-0.2730871230251329,-0.7070840194993426,0.7083792098273262,-0.7096680691075699,-0.5678173880765379,0.568332246190545,-0.5688632039280794,-0.9034415823960417,0.9055023224685679,-0.9075684870358206,-0.6139576201455308,0.6151441345929467,-0.6163393082454532,0.4757398307789023,-0.47488627063881056,0.4740307669143766,-0.3620268176181565,0.3615319170437208,-0.3610291396071222,0.7895793607936766,-0.7890208280824846,0.7884756141436339
Newton,-0.49949294495137103,0.5008100258857663,-0.5021676291606284,0.0705918623877282,-0.07101058742544981,0.0714277982531426,0.4708530603546125,-0.4712444876569296,0.4716325255786393,0.8591711420555235,-0.8586234972960748,0.85807519045486,-0.10988886614013738,0.11054639131094626,-0.1112114786867148,-0.02242917254926325,0.02221804520825616,-0.022004822968631283,-0.014641570497934187,0.014020718446610547,-0.013403127910036823,-0.14628737411399104,0.1468834811640129,-0.14748251021390757,0.581529520813193,-0.5815797315224618,0.5816199598115592,-0.07688363879067453,0.07704971587185444,-0.07721127350977426
Oconee,1.650213991253892,-1.650295589819257,1.6503116751617646,-0.08799552974821208,0.08847604395040502,-0.08894684793074967,-0.5844306532489857,0.5835709045466884,-0.5827233366035758,-0.9499354307293018,0.9513548323908921,-0.9527870946777439,0.6523014825745647,-0.6523467610473026,0.6523600185535945,0.35611078051552914,-0.355606876266528,0.3550848396394582,0.3560475619838752,-0.3558053432905359,0.3555449772570823,-0.384527915092753,0.38473060116618285,-0.3849445147178738,0.1240105855680055,-0.12169723582436645,0.11934074053159961,0.684133850865531,-0.6846919589161821,0.6852390060036327
Oglethorpe,0.5010618963239362,-0.5007581642316389,0.5004304446324042,1.1327752097252075,-1.1331996642008686,1.1336272964126468,1.7051138159955543,-1.7049280396736632,1.7047395114576056,-0.5605896060794301,0.5617232763439077,-0.5628647889031259,1.8086859853895585,-1.8077170335504649,1.8067602583791582,-0.11817830946014601,0.11872500985960112,-0.1192758012419304,-0.6036741286518817,0.6042337626778721,-0.60480095047147,0.42479498211566774,-0.42567715000831335,0.4265554498901612,-0.4567141752813344,0.45854333221643157,-0.46038874355819814,-0.47031567617316117,0.47009129590588183,-0.4698636360259724
Paulding,0.6532615076430284,-0.6527574095553474,0.6521873745587207,-0.32493881797291657,0.32529300133743944,-0.3256408392926063,-0.06923587949609877,0.06856042855769989,-0.06789102501844965,0.7152037477292409,-0.714321577285899,0.7134296192083962,-0.09159986198813609,0.09258387894601633,-0.09358977527938706,-0.20515257924658112,0.2040652937828206,-0.20297847320525236,-0.22021971372025761,0.21936037750638063,-0.21850673126656442,-0.07926817217395837,0.07883338108566179,-0.07840707768491555,0.5537772810675794,-0.5522937516633684,0.5507813500804629,0.47474306156122653,-0.4748051465578249,0.47485713072686675
Peach,1.0747373543729914,-1.0744567475393334,1.0742016130599936,-1.1104292840677321,1.1102698223004102,-1.1101123914949131,-0.24923629624605934,0.24882964898769735,-0.24842367850536345,-0.38991933799161044,0.389123100444761,-0.3883211333011673,0.34157694737870076,-0.3411161481479937,0.3406585309856077,0.14754942368751828,-0.14804975270070278,0.14855098400407593,-0.9485763903667149,0.948326806865162,-0.9480785811898146,0.6118925030113196,-0.6115960461558,0.6113012147128621,1.3151982965372202,-1.3151435797305087,1.315075818400172,0.04413557159912906,-0.04514513598193062,0.04616865003000197
Pickens,0.7595310587415282,-0.7604901782260387,0.7614243564753361,0.6116303121973451,-0.6100817771011797,0.6085400553533362,0.9998857493255641,-1.0006371491080317,1.0013829385805497,0.0540742404844929,-0.05375593131411439,0.05342946586126974,0.0007592488395964013,5.1237812124788863e-05,-0.0008648227706834355,-0.7285712324810723,0.7272577631860017,-0.7259327044454031,-1.3040288683798933,1.302054806574064,-1.3000587130808077,1.0258366593979025,-1.0264394219609423,1.0270429504591652,0.6319461750758535,-0.6314959881492549,0.6310434049283921,0.26786963064260166,-0.2671753222730547,0.26647427859880995
Pierce,0.48485128683424406,-0.48572008757412827,0.4865889505614364,0.48695605206837705,-0.48722578517137183,0.48749880218717606,1.2033380632077761,-1.2021260407952716,1.200912809925952,-0.5455904147110711,0.5453002912613706,-0.5450142615339146,-0.4284101287088416,0.4282308901117757,-0.428047374605853,0.33021427069170867,-0.33003172618685184,0.32986199763445195,0.6324640625169022,-0.6319643892226098,0.6314759317839509,0.27535415419868886,-0.27568791111897417,0.27602345742859297,0.8598119585257284,-0.860611225294501,0.8614299803919684,0.003784231584824307,-0.0023866696568721705,0.00098658146295735
Pike,0.8477888215183415,-0.8483479653383371,0.8488597840739288,-2.542440589486605,2.5428488665169806,-2.5432488815502983,-0.4187930008081987,0.41922445439829886,-0.4196605392462848,-0.027141795602710985,0.02702887768611207,-0.026922330779831152,0.8012173265410987,-0.8013988635211463,0.801570294210235,0.28223166969885083,-0.2825844288889311,0.2829325917542911,-0.07681553923092434,0.07593940373169247,-0.07506688667695835,0.2480769443003541,-0.24884501572575943,0.24961070631629395,0.32295200174454813,-0.32187922971042043,0.32078728678938845,-0.15220071812072647,0.15246946207307843,-0.1527517597210724
Polk,-0.32477859822976296,0.3248082204902607,-0.3248491992073873,-1.0004632835121772,1.0004804769772453,-1.0004960087710972,0.3795195519157183,-0.3795299202531842,0.3795403897867853,-0.2350819841209084,0.23535293880229652,-0.23562540223836212,-0.2810296809739818,0.28100291451966924,-0.2809674834344433,0.8075282717139385,-0.8092290866990913,0.8109519509133521,1.4468103156536678,-1.448217609180069,1.4496587292655587,-0.07789927538124551,0.07858715693567145,-0.0792672411656219,0.7159239009057866,-0.7178680880591507,0.7198339894183395,-0.5544119692124722,0.5556868117200421,-0.5569490156688097
Pulaski,-0.9569923683247129,0.9594300591271318,-0.9618785903027017,0.16320691055885422,-0.16276520033677963,0.16231921577495337,-0.060448318945108985,0.06142911744200973,-0.06241031405064735,-1.32289219291619,1.322198255412652,-1.3215034201196945,-0.9361938283197366,0.9354622805577855,-0.9347337568698578,0.7453227328331297,-0.744750936085751,0.7441750313227049,0.13117354617145482,-0.1296289069880063,0.1280885771232811,0.20452493719457154,-0.20444768490617057,0.20436522859258976,0.7558490443123573,-0.755039870868799,0.754230131538309,-2.7086646167319035,2.71017439471974,-2.7116665816150713
Putnam,-0.4616681894755076,0.46159680203113485,-0.46152670215778574,0.2064138052283587,-0.20590585520568958,0.20539736793747101,0.5935761610990045,-0.5931362831368701,0.5926922383071083,-0.6108062235908008,0.6101299403283127,-0.6094481791605305,-0.23782185002541908,0.23788293055032875,-0.2379379462976947,-0.5647444329755771,0.5630912536986828,-0.5614327675673855,-0.6116758727929534,0.6109850166521265,-0.6102783435528133,0.466651769136973,-0.4670012373706259,0.46735295680093797,-0.13469689894454798,0.13445516919243403,-0.13421475722643622,-1.024648090355285,1.0237115811007003,-1.0227657219539528
Quitman,-1.2028532789169881,1.203762746827318,-1.204635560029557,1.6839140824788261,-1.682628714209447,1.6813330666364428,-0.034625740277797315,0.03535973884988694,-0.03609142520205274,0.7520801733731234,-0.7519795651301294,0.7518827286330442,0.7533147726674739,-0.7521603467017788,0.7510183785718959,0.44240148245620187,-0.4410109188128157,0.43958948102720846,0.6917587514865885,-0.6910849279507048,0.6903711344272989,-3.9647837401118933,3.965101872954293,-3.9654099791994524,0.3433067980987971,-0.34409776417533783,0.3449099212089028,0.16991494233729468,-0.1744506827310293,0.1789862101183387
Rabun,-0.9479864741637802,0.9462580668106528,-0.9445537003636302,0.19120230210179184,-0.18988028282851388,0.18855848187350535,0.09082512829341825,-0.0902539968357257,0.0896799691226778,0.21027630617906648,-0.2117931531357799,0.2133088046934284,-0.1282396686292941,0.12741242777767206,-0.12655459081224416,-0.16470196637360812,0.1661216871539132,-0.1675321818285009,1.1382534761540815,-1.136737263015135,1.1352423052670335,0.8957516665912725,-0.895432970181545,0.8951248318177594,0.9495194811365046,-0.9488898660425056,0.9482522047882402,-0.3931476627190858,0.3931547639283281,-0.3931726280594383
Randolph,-1.8882018245612378,1.8899841171656981,-1.8917392913083588,-0.5506726368389493,0.5512362654498014,-0.5518129429685149,-0.7824202777861046,0.7838350066756054,-0.7852427907254923,-0.5927335361830488,0.5911257584909194,-0.5895068783851544,0.1639185370013791,-0.1630735260543416,0.16222487507052066,-1.5702910978696423,1.5686504156234073,-1.567019819326217,-1.2379040384772604,1.235759990712476,-1.2336312011411745,-0.2880664371418576,0.2867456842050468,-0.28542823100642434,-0.7500510552186945,0.7509158998638247,-0.7517836684434267,-1.114215792012697,1.114711752103881,-1.1152113764414544
Richmond,0.9621636773615051,-0.9621998741779952,0.9622874847177936,1.019544183268893,-1.0204683863170572,1.0213929672131346,-0.46540779844996694,0.4646211867078394,-0.46383271314244545,-0.20120187574891188,0.2021011190782469,-0.2029947684012658,0.6321459145075186,-0.6318470714755136,0.6315385044697088,-0.7771889032497018,0.7759023204826033,-0.7746140602510234,0.10066272905879231,-0.10230146449634017,0.10393197707458732,0.3146689385003172,-0.31395995215699773,0.3132539967418203,0.13954937000818932,-0.13955734961395033,0.1395711022503397,0.17230469379213317,-0.17291814605888023,0.17353939474644428
Rockdale,0.1723467594513958,-0.17155503190330418,0.17073750300706114,1.0218804180859653,-1.022065939752948,1.02224686050622,-0.7891590136665766,0.7892744846837717,-0.7893951311617057,0.8988741386887159,-0.8977784794466286,0.8966817516445325,-0.33733655442722155,0.33662417179323384,-0.3359141670831926,-0.5726994643959028,0.5734536811049789,-0.5742145555074616,-0.6338327856708439,0.6333594649043335,-0.6328989059006855,0.12449270990291204,-0.12453859592302836,0.12457865327005523,0.13705244176558323,-0.1363346460548161,0.13559765717003022,0.0702941894253972,-0.07127576519138641,0.07225853820554001
Schley,-0.18338605990410597,0.18392644390047086,-0.1844881967972109,1.1407721199309484,-1.140770642678965,1.140770602232619,-0.8856954883118098,0.8858700644026456,-0.8860449059321247,0.773660987267177,-0.7747552796074917,0.7758474158291608,-0.9163626903338729,0.9155939041795295,-0.9148291121876021,1.5917889623169956,-1.5908698767304987,1.5899421098846545,1.3818607419214801,-1.3811769101739564,1.3804867616198424,2.50959477036752,-2.5093162528662054,2.509033849701983,1.3822192259527648,-1.3840758215529683,1.3859195765754329,0.04844039524462687,-0.048357886717790455,0.04826608865326519
Screven,-2.9472949778821635,2.948727765082956,-2.9501810518349703,-0.26182624299839724,0.2622817228537722,-0.2627412344843435,-0.8056892153708886,0.8058695215271969,-0.8060462853019249,0.8568706224814756,-0.8565841406815631,0.8563056964893105,-0.48231437901499574,0.4823509098502984,-0.48239137042450453,-1.2528278951176843,1.2534257088159417,-1.2540151901425152,-2.0813191277511587,2.08344366234772,-2.085565003083991,-0.7472883223233794,0.7467951057728174,-0.7462997639977864,-0.7929835779676819,0.7946286486633126,-0.796264563912839,-0.76083078679421,0.761554321356388,-0.7622768667208984
Seminole,-0.5021947131995806,0.5022914173193568,-0.5023504117441333,-0.6730774183854843,0.6739009389744699,-0.6747287866087408,-0.7148052746773474,0.7156975332090636,-0.7165898719315331,-1.7944992464862204,1.7934099962382164,-1.7923134916452785,-0.39446205746635876,0.3948090452697493,-0.39515891463952807,-0.6571920147722637,0.6579103298305421,-0.6586221865260544,-0.7734048748802703,0.774435374151689,-0.7754625911509826,-0.502389551451334,0.5017836026844402,-0.5011661380888938,-1.0909254210735733,1.0908827194627502,-1.0908212812228641,-0.1683429435101473,0.1684780639297561,-0.1686164697983985
Spalding,-0.4508611164822217,0.4512406814192545,-0.45161408222882043,0.18518264216550814,-0.18488828953902461,0.18459197031410024,-0.17399302748100204,0.17411296295495376,-0.17423199539921627,0.5931577951052963,-0.5934917146830683,0.5938299150364525,0.07508874824897696,-0.07446133493741004,0.07383005948954596,0.652722693904093,-0.6539844700491229,0.6552533640396897,-0.08585709335273949,0.0847778681519233,-0.08369177786494113,-0.007907656152770552,0.008179926168081058,-0.008450813380956934,0.06708833421833177,-0.06813359419691109,0.06919456914460957,-0.10238598682180362,0.10342925305703349,-0.10445872441143395
Stephens,-0.27164382268048115,0.27039415669945893,-0.26915456436902435,-0.6487964915652441,0.6497387131914452,-0.6506788096444635,-0.062490619658434346,0.0625424951322597,-0.06259575216425997,0.15431608852754433,-0.15338241951987167,0.1524475854225279,0.4563793029413697,-0.45620904364363335,0.45603417443308075,0.5747423852668494,-0.5743806644203312,0.5740349996320131,-0.3699502671709124,0.3701849877551678,-0.3703949638135209,-0.08562456215459195,0.08559862607473867,-0.08556032659437891,0.31523252500778715,-0.3143904163231228,0.31354827834343224,-0.4987228323967593,0.49855232706814445,-0.4983831567417867
Stewart,-1.2749004322041115,1.2727658928259176,-1.2705992237194912,1.0856381420888657,-1.0858969275381385,1.0861503642827859,-2.4196972817337863,2.4187116413762415,-2.4177163387464273,-0.6826001166540445,0.6817069695292762,-0.680810420118,-0.3576766648711918,0.3592152664876102,-0.36074951458117877,0.16850167803911056,-0.1666575354373995,0.16479629459363102,1.498375722037347,-1.4980574620336775,1.4977261367461476,-2.6067511226343187,2.6060906927789125,-2.6054251569753104,-2.705968901381502,2.7034079335398675,-2.700824222790401,2.78055605428608,-2.7813883390724294,2.7822040970892226
Sumter,-1.2758010216203817,1.2751327700812785,-1.274428492430975,1.5804843838759652,-1.5801955947711512,1.579900194665884,-0.4147964839301069,0.4144102326173802,-0.4140206853981525,0.2762421746378467,-0.27687731407279104,0.2775226869528982,-0.7874469845700037,0.7875493575695324,-0.787654160358741,0.8879852515118284,-0.8877086327435695,0.8874293938121419,0.5662954730758903,-0.5665719794803842,0.5668501318897871,-0.56584978368518,0.566973005745766,-0.5681006963366546,-0.08440513627571616,0.08400803312242806,-0.08360678114555062,-0.1487396714451968,0.14768207820605414,-0.14659952549142044
Talbot,0.2092709255109745,-0.20705059957662478,0.20486732715243536,1.1554631281813508,-1.1552474590819084,1.1550239524971253,-0.7884945365956896,0.7893133904781899,-0.7901304847484056,-1.3047867867064424,1.3054506477986854,-1.3061086515218427,-0.7853850995181929,0.7855008391679551,-0.785620262156616,-0.7503251488390323,0.7510974097851857,-0.7518692418208982,-1.1822127327710403,1.1831120006055715,-1.1840181462281583,3.2291873199953764,-3.230942082814576,3.2326989385364016,-2.3184594289528446,2.315835090979393,-2.3132150981023,0.49648738581647434,-0.49717293354815323,0.4978463219826353
Taliaferro,-3.215670623876517,3.213919381899598,-3.212159242002851,1.044386068018464,-1.0433576261790072,1.0423184736816535,0.4060333340949098,-0.4056884975473948,0.4053488497879184,0.32958251029913593,-0.32971697763002955,0.3298580747159795,-0.7044087647563356,0.7040585431389891,-0.7036929883975275,-1.4291511312130327,1.4294191610596438,-1.429684903491368,0.05093522328250527,-0.04899973954739867,0.0470757501099879,,,,-3.248015348656607,3.2470865002771108,-3.2461431655326605,-0.7276328067134418,0.7249666373837765,-0.7223029251345351
Tattnall,-0.43194873874451517,0.43202947932321173,-0.432091905776188,0.4421763309548286,-0.44298510414149095,0.4437957617903195,-0.40966302755038353,0.4085861831691274,-0.407503119763814,-0.7177461932935497,0.7170870907827365,-0.7164301559074326,0.983839071062913,-0.9857733053219304,0.9877283727757501,-0.3251484580741535,0.32583847020796675,-0.32652730556711046,0.8150851184472925,-0.8121042366901795,0.8091316304293377,0.4230415577676558,-0.4230054685042075,0.42297191873870366,-0.006602124080684047,0.0038495630315505255,-0.0010762212013834642,0.18544421753435752,-0.1855703510388787,0.1856841123879982
Taylor,-0.26714087560038563,0.26792680828484866,-0.2686897958543926,1.3769155147970173,-1.3768852416213315,1.3768490129010351,-0.19842760331279555,0.19926784858850569,-0.20010219992938597,-0.4633116923055755,0.4621774341973066,-0.46103063763947477,-0.1732132051000425,0.17290931902901768,-0.17260657124510567,0.4883203939657674,-0.48832441682005706,0.4883302911988506,0.42050119428206684,-0.41980949977996557,0.419126440019991,-0.19111843296154632,0.1923250747500342,-0.19352526476988782,-0.6415389391133426,0.6415734144729924,-0.6416043991618965,-0.6042481335174879,0.6039349541521072,-0.6036286717395398
Telfair,-0.631879589116243,0.6315160834131154,-0.6311197382074603,-0.40259696788584537,0.40288261488879146,-0.4031722828048733,-0.7582920212893097,0.7576836228388695,-0.757067276550072,2.251918662589847,-2.2516796221003954,2.2514583291162995,-1.2078412269286514,1.2079257962020997,-1.208013598539511,0.24461817299424682,-0.24311887676094285,0.24161222912843733,0.782842673891584,-0.7815523603688764,0.7802581113249389,0.766489837148526,-0.7663156104070415,0.7661354461976341,1.313562874487997,-1.314015690740963,1.314485517718071,1.1682914185433513,-1.1685294178168288,1.1687607221615068
Terrell,-1.7909381676235747,1.7933701568439706,-1.7957650218384829,0.9731055221939893,-0.9728749998046657,0.972634966756658,-0.3311597356602083,0.33160990258669903,-0.3320539522786519,0.42795178864446193,-0.42627675842824686,0.4246076060925005,-0.5095083032785878,0.510462825430046,-0.5114185810793953,0.7507364755004765,-0.7515538196357192,0.7523592462730705,0.7190120940670275,-0.7194347015930449,0.719842287198461,-0.0701938055858362,0.07110711745614781,-0.0720249964545734,-2.05023922282001,2.0474349142474124,-2.0446075124755256,-0.14258653788935508,0.14189717934846438,-0.1412023874320725
Thomas,1.0405149565616814,-1.0414151321263363,1.04233407603913,-0.11283662114842434,0.11249211416627271,-0.11215028631694085,-0.5459178711864112,0.5453131446519685,-0.5447083053347673,-1.155615805056553,1.1563912958909521,-1.157164127816821,-1.0479862080477536,1.0484151560325994,-1.0488507885038167,-0.927884196389772,0.9275325942910756,-0.9271800536240697,-0.7019434650958986,0.702054384261954,-0.7021689948563851,-0.580138992611163,0.5799054275728885,-0.5796776360334344,-0.7912556184196053,0.7907290792925215,-0.7901948978995988,-0.6045032025653152,0.6040311480686256,-0.6035604734256645
Tift,-1.613522052653806,1.613661858729656,-1.6138080802498975,-0.4855631155130378,0.4865969956154254,-0.4876337583755699,-0.5283867521724953,0.528458271114573,-0.5285293690304906,0.676741870446748,-0.6770153023203681,0.6772835488009074,0.0789235351571581,-0.07973514590685102,0.08056193329335108,1.945590473972667,-1.9469294999236035,1.9482710767322722,2.321892724122908,-2.322448665379535,2.3230086832741774,-0.7720224359157161,0.7714693238340423,-0.7709203642464679,1.0493259066868126,-1.0497297647468307,1.0501439711629812,0.2999196166300235,-0.3006182203133107,0.30133275273022647
Toombs,0.3470611061727284,-0.347851552700557,0.3486795587927258,0.40593942524544746,-0.40584170684022486,0.40574156772400227,0.21257955521711647,-0.2121620659737176,0.21174614473561162,-1.5023833918374792,1.5015547723567546,-1.5007152468586318,1.2096056856166921,-1.2095374147831217,1.2094810890516052,2.4357452021941848,-2.4361105005626515,2.4364818238256896,1.0962026436631762,-1.096831858771976,1.0974795330399634,0.38806653098873295,-0.38827327711742565,0.38848319113691926,-1.0563783374955584,1.055274579135596,-1.0541487856464262,0.9398892336566539,-0.939936956202711,0.9399908844645334
Towns,-0.04829764749043386,0.0466207707904893,-0.04496313287499586,0.5537519642126546,-0.5515728907260334,0.5493959220131726,-0.13203230536381466,0.13247787266171185,-0.13293084569016084,-1.5469215276553683,1.5473911956827593,-1.5478542967080255,0.940080272035828,-0.9410175171179944,0.9419644928820481,-0.7624157061761625,0.7604981294440265,-0.7585810103117944,-0.7420626265404365,0.7407875090953839,-0.7394852277277771,-1.0978319372870433,1.096289560308627,-1.0947330387343073,-0.21708251426536315,0.21936566447067612,-0.2216792737254753,0.3343416062237099,-0.3325155459543903,0.3306856121774821
Treutlen,0.4281141536207136,-0.42865135247279545,0.42923964284939703,-0.8993705194739049,0.8985859037973196,-0.8978015970642258,1.579638418896025,-1.5782628308142277,1.5768882926279868,-1.0158511277137012,1.0133922354564255,-1.010921081630339,1.8791132548021563,-1.8781941362614565,1.8772781624421273,0.42389059639490706,-0.42343169019058124,0.4229721921864223,-0.12420086781588496,0.12485742746942317,-0.12551301019276503,0.724450111972548,-0.7253645310059086,0.7262697990256913,-0.7491357738983235,0.7477937714618262,-0.7464467724630384,-0.19590215197976893,0.1950177781283818,-0.1941429354537049
Troup,0.18855736894098302,-0.18876909061230868,0.18897783714467817,-0.18137865012813506,0.18153178854331306,-0.18168548485052113,-0.632037819046342,0.6325794409227087,-0.6331212079911211,1.2784538317022134,-1.2773516147604949,1.2762444146712901,0.433192530027828,-0.4325239321384494,0.43184558075057555,0.2687063998792581,-0.2713684284734113,0.2740465866834372,0.10687658349328046,-0.10943435883412365,0.11200348156496825,-0.18606232663077144,0.1861731601733106,-0.18628535811019453,0.39939995883503315,-0.40000278328111416,0.40061654959815673,0.46507322058984635,-0.46476122799147457,0.46444918866105955
Turner,-0.5895518865604172,0.5902923200171413,-0.59098439468525,-0.13195003861334056,0.13168086344718993,-0.13141607451540002,0.045218750094355775,-0.0442887028749287,0.043361227437604566,1.9922113307955078,-1.990154192980701,1.9880958051134483,-1.3622459545346035,1.360616023161453,-1.3589773159707617,0.9285388486728426,-0.929578851642737,0.9306204787764015,0.3551723712182719,-0.3566594447727934,0.3581482354151436,-0.6499570675755569,0.6489863931412627,-0.6480119777315334,-0.30882527942789806,0.3072244409376428,-0.3055966199714584,-1.9961064733853602,2.0028056495571587,-2.0094596738371355
Twiggs,-0.4679723153882451,0.4693333046035727,-0.470687746187055,-1.5606104577956674,1.562286801946581,-1.563969250465783,-1.702412028966881,1.7021673507601198,-1.7019168058292657,-1.5550564488272216,1.5537010103956743,-1.5523292663440837,-0.4672429037314483,0.46783429720352004,-0.46842776031703687,-0.7357306597944625,0.7363494459390721,-0.7369657360836667,-0.8750666174339528,0.8742297081316781,-0.8733911108286085,0.7005592776005948,-0.6998461075419399,0.6991419811089107,0.6659562091780432,-0.6649471949376694,0.6639308101400231,0.4488086630584216,-0.4479482086930788,0.44708022870148667
Union,0.030954221125528147,-0.03255943388624728,0.03414923059556989,0.17813726497842278,-0.1759241959123931,0.1737125370088323,0.6133315411999348,-0.6122192781819631,0.6110992121217848,-0.33332624142210926,0.33394623138341234,-0.33457459081424223,0.308514732762543,-0.3092426863885424,0.30998067693533415,-0.3821058368682532,0.3813994154799874,-0.3806873547531825,-0.8834392757565236,0.8825034438064685,-0.8815446434830715,0.05100573887738514,-0.05171070450668634,0.05242231071954321,-0.5409789140140594,0.5411492734212427,-0.5413345723091039,-0.7742061803496463,0.7747789311193083,-0.7753611650937252
Upson,-1.4802348190725483,1.4813748316855566,-1.4825313793719113,1.1688905554410371,-1.168669533567161,1.1684475687933848,1.088962927518271,-1.0890777870006956,1.0891939342634267,0.13763655985791787,-0.13827651759344567,0.13891842064255872,-0.8225613690299282,0.8221429444912095,-0.821736231852756,0.2541018143359574,-0.2553626115270139,0.25664506360026995,-0.9520604831281102,0.9505588898978907,-0.9490272873627872,-0.304547641230911,0.3039166618443603,-0.30328972857559094,-0.5573486798501689,0.557992299810221,-0.5586217470399659,0.7814502349647023,-0.7798627075629865,0.7782752700594681
Walker,-0.3526968701287228,0.352318786923004,-0.35197232620932456,-0.17927145861367338,0.18033468997877145,-0.18139552401984835,0.6943802690054451,-0.6946898140733457,0.6949993458012057,-0.4708153948752931,0.47133235584109373,-0.4718543782393914,-0.49913905919422275,0.49974766766282996,-0.5003660619854949,0.7156905184458401,-0.7159597527107071,0.716217174302733,1.4021610001043079,-1.4030540825067812,1.4039322842438067,0.6207978079781552,-0.6208224378355132,0.6208452572020392,0.9620055970500547,-0.9615438210587425,0.9610920752989329,0.7205933316627083,-0.71909581711716,0.7176092340124082
Walton,0.5226760423100825,-0.5229881897753881,0.5232613021559573,-0.09402011217344555,0.09433626065719712,-0.09464969295865311,-0.19401100218034298,0.19421131906133823,-0.19441540456541656,0.5439637912262616,-0.5431967098525068,0.5424213377987182,0.1280326890034036,-0.12788484573163367,0.12772558378115353,0.3105937445344598,-0.31184002198761523,0.31309409503154334,-0.6569565759658785,0.655788998615279,-0.6546163404432169,-0.1600651790562998,0.16025431216547323,-0.1604456167192459,0.26118794621747504,-0.2605427215025478,0.259885407947837,-0.37827494206676354,0.3786367849872157,-0.3789998241883171
Ware,-0.9299746858422143,0.9329748864109411,-0.9359561968882476,-0.014713026465185713,0.014789485722908212,-0.014868648142267661,0.45245959850787787,-0.45213921678246055,0.4518218144507858,0.2985873759924278,-0.29921582169469135,0.29984214515907126,0.41533564167812353,-0.41553691111813734,0.4157367220188761,-0.26246232584945983,0.26271945074091657,-0.2629558027265707,0.14421388857624826,-0.14457029525879098,0.14494462473639474,-1.2440478733440208,1.2441052086679536,-1.2441568201082296,-1.324782979189671,1.3246085052356311,-1.324398106700593,0.7782918574298427,-0.7768692514923966,0.7754541827858737
Warren,-0.7957868628447784,0.7983946609620786,-0.8009658562678891,1.3679379662072213,-1.367431157676974,1.3669151813737814,-0.2939945036255977,0.295079334664017,-0.29616048968077097,2.403082543612295,-2.4049384859385925,2.406797533096606,-0.00043868798403566464,0.00026418400806817237,-9.492554362747671e-05,-1.633636531467194,1.6349003439455854,-1.636158873063942,-0.7605874977418494,0.7612637214312259,-0.7619382593066651,-0.18673736659210582,0.19051866919472116,-0.19428172785568373,0.20487403250380498,-0.20642164458906806,0.2079688993662434,-0.9010736530068041,0.8980783218290885,-0.8950775373838197
Washington,-1.4063864869532192,1.4074218065484199,-1.408458572098883,0.6290472578474737,-0.6292217102867076,0.6293919079997088,1.2033844216904381,-1.2034329969032103,1.2034840147985775,1.9094334904699304,-1.9094915586566177,1.9095494393988015,0.31156934119718777,-0.3116881418497932,0.3117984234233371,0.5290638053046147,-0.5270566884875222,0.5250433046579625,-1.6600293825153156,1.6621403588436061,-1.6642583826217014,0.1797741965473565,-0.179313401803865,0.17884881362079716,-1.2852160015617728,1.2870036171195602,-1.28878559824247,0.2946711025359652,-0.29515087773413956,0.2956286400479891
Wayne,1.2449487540139037,-1.245009667035838,1.2450996032256192,-1.117109737651526,1.117250248196223,-1.117389423618389,0.2814434825757865,-0.28140398476078304,0.28136618508514677,-0.15156841683232916,0.1502176870580912,-0.14886405153437274,0.1815794358754484,-0.18164501041078654,0.1817095545859055,0.9297292258836034,-0.9321517700217762,0.9345897223361858,-0.6258664659179525,0.6261803517798504,-0.6264787547313959,-0.0330132854515346,0.03308511722085781,-0.03314854006164888,-0.9677584959722996,0.9661930391821371,-0.9646050887102248,0.8668758265481212,-0.8674483822398519,0.8680379005163099
Webster,0.005737717474745341,-0.004501634536475339,0.003275927881517199,0.919417229489238,-0.9189964082630011,0.9185708473270787,-0.282286962476509,0.28283214392553097,-0.28337683175746997,-2.2361204919120836,2.235932615203155,-2.2357334395706685,0.8290947965160556,-0.83126646491757,0.8334429080045002,-0.3029603922668983,0.3046271193085261,-0.30630950306057697,0.16746270612352226,-0.16556014385417972,0.16364185450592686,-0.11356281504706033,0.11227792738189527,-0.11097486524946705,2.791638720489147,-2.791125288282519,2.7906009381762193,-0.5676320518741026,0.5683851752385344,-0.5691505185345151
Wheeler,-0.8309098500723336,0.830777408836317,-0.8306213966489835,-0.5038527090188908,0.5031586844662536,-0.5024638969987614,-0.5653407918227102,0.5657960115514005,-0.5662422185095638,-2.9063663183181316,2.9056836893128914,-2.9049776806842047,1.3215312478010883,-1.3237026651660024,1.3258777270575897,0.6551892685659539,-0.6545718380205511,0.6539429446327963,0.8821184797159595,-0.8809477116739499,0.8797692392091523,1.4147478582789608,-1.4154598245069698,1.4161641927913755,-0.17851618797284546,0.17643848083416183,-0.17433970851368993,-0.5399036499689666,0.5396127060422093,-0.5393361221801269
White,0.4173070806275989,-0.4186439784201457,0.41996110202516773,-0.8619962084675982,0.8637447467019843,-0.8654877008155344,-0.12784793547809878,0.12819658912915383,-0.12854977009997628,0.2887375799028649,-0.2887275811038766,0.2887071990007753,2.179518661883536,-2.1795512308984795,2.179591153483913,-0.4358686834356274,0.43531684666246045,-0.43476999334916844,-0.13510741178303876,0.13478801224598017,-0.13447007660987803,-0.0639591513211374,0.06340817817854372,-0.06285701456910373,1.299226691016831,-1.298017977245844,1.296793631811797,0.15793409481561357,-0.15824144980220042,0.15854095727392647
Whitfield,-0.0654088463961109,0.06428114471816186,-0.06318475288390421,-0.9026548067754502,0.9021671546873476,-0.9016808452391802,0.05072540500375757,-0.05110075939929741,0.05147484726834472,0.6893081370091643,-0.6891853276302865,0.6890632170717674,0.12253965238393809,-0.12181839351161963,0.1211271213755872,-0.5426977181518555,0.5415457414545278,-0.5403984774921549,-0.5986292790255063,0.5972240187427291,-0.5958227350675832,0.041773799206874,-0.042373989957823086,0.04296513142352496,2.5667511873418185,-2.5693131387669297,2.5718914682548175,0.5724303779155817,-0.5723770675832064,0.5723203613276409
Wilcox,0.21737623025578978,-0.21680456303735088,0.21627105676078465,-1.6022225050121892,1.602739104665597,-1.6032556320677995,0.5780990800354787,-0.5777228766385972,0.5773497892431075,-0.13106662288019796,0.12968609041875265,-0.12829947575319806,-0.5881250233521997,0.5869051762487211,-0.5856861110496402,-0.6429630189850739,0.6431307284509103,-0.6433020792364552,-0.3177451380137592,0.31855144564848237,-0.3193527863922831,1.34122978601105,-1.3429678268455079,1.3447073605439055,-0.24597970171689998,0.24722354253073614,-0.2484470865393463,-0.4929463408449828,0.49355872209112334,-0.49417521715181645
Wilkes,0.5686061025307362,-0.5684973830403264,0.568421719360771,0.9718186879326736,-0.9715819110816099,0.9713383574975805,-0.2520690133718695,0.2529113098379943,-0.25375199730087156,0.09132865362424433,-0.0915427491444461,0.09176071872417342,-0.05000237478882182,0.05170997267350052,-0.05341345742424609,-1.1088760535395359,1.1075046479449422,-1.1061371277381544,-0.4102528019187284,0.4089032605902714,-0.40754489581451353,-2.6780746214271542,2.6775639781047498,-2.677046801236567,0.2079372137433413,-0.207170799720495,0.20640019342862653,-0.31201283450917155,0.31043495631101825,-0.3088536599838921
Wilkinson,0.6109338050869245,-0.6078939109441244,0.6048784659127718,-1.3689637154035386,1.3696570023962698,-1.370354889647106,-0.10484367958458375,0.10572964975239865,-0.106614202699686,-0.20053230311504877,0.20016916662213524,-0.19980508010918666,1.2022193008392188,-1.2020613927804598,1.2018956592177297,0.03556006842431273,-0.03411243673445039,0.03266744519322211,1.0729309044531081,-1.0730445010488172,1.07316378274757,-0.49387550212239145,0.4944846264002853,-0.49509114518299924,0.606055257439166,-0.6052429806333638,0.6044347818522894,-0.20016048541295361,0.20042260731348185,-0.2006934278317066
Worth,0.8252740861159822,-0.8242127833357866,0.8231789482096025,-0.4198389412980224,0.42052301808601966,-0.42120796697611695,0.5875000619779501,-0.5876648105682191,0.587830514747351,0.16256844391197373,-0.16215531382360138,0.1617395789303109,-1.5810243356231617,1.581030074390211,-1.5810351139802759,0.8020781816508509,-0.803153845901368,0.8042455526518283,0.001755753628653184,-0.001755130324070429,0.001771433055336505,0.5043170947457921,-0.5024612829870317,0.5006026959913712,-0.09534702761024061,0.09730900118419829,-0.09927420792124336,-0.4452649792884576,0.4474585822333921,-0.44965020976837644
